feature,coefficient,abs_coefficient
cat__DEST_BET,-1.4807983558638274,1.4807983558638274
cat__ORIGIN_VLD,-1.3654837543636495,1.3654837543636495
cat__DEST_GCK,-1.1452437250183518,1.1452437250183518
cat__DEST_PSG,-1.0746198374114748,1.0746198374114748
cat__DEST_COD,1.0738447672566562,1.0738447672566562
cat__ORIGIN_PRC,1.0470321602959005,1.0470321602959005
cat__DEST_WRG,1.0315927102275733,1.0315927102275733
cat__ORIGIN_ATL,-1.0178686389318166,1.0178686389318166
cat__DEST_GJT,-0.9911153299961672,0.9911153299961672
cat__DEST_JAC,0.9609369856675067,0.9609369856675067
cat__DEST_SWO,-0.9228517013851368,0.9228517013851368
cat__DEST_GCC,-0.9033831545257628,0.9033831545257628
cat__DEST_OTZ,0.8913580542717577,0.8913580542717577
cat__ORIGIN_DLG,0.8858408702341697,0.8858408702341697
cat__ORIGIN_BGM,0.8735773416987558,0.8735773416987558
cat__ORIGIN_STATE_ABR_HI,-0.8657071066769078,0.8657071066769078
cat__DEST_ADQ,0.8138436694136771,0.8138436694136771
cat__DEST_YUM,-0.7986811727694989,0.7986811727694989
cat__ORIGIN_BQK,0.7774098811861311,0.7774098811861311
cat__DEST_EAU,-0.7741279787415457,0.7741279787415457
cat__DEST_LWS,-0.7679184661964253,0.7679184661964253
cat__DEST_SPS,-0.7606652636132815,0.7606652636132815
cat__ORIGIN_PGV,0.7593994370857724,0.7593994370857724
cat__DEST_RIW,-0.7563534683165742,0.7563534683165742
cat__DEST_FSM,-0.7492535321339542,0.7492535321339542
cat__ORIGIN_HDN,0.7482025609513991,0.7482025609513991
cat__ORIGIN_SCC,-0.731538374386631,0.731538374386631
cat__ORIGIN_GRI,0.7276501956542645,0.7276501956542645
cat__ORIGIN_ALO,-0.7268324202978338,0.7268324202978338
cat__ORIGIN_LAX,-0.6961847430615719,0.6961847430615719
cat__ORIGIN_IDA,-0.6744637013794587,0.6744637013794587
cat__ORIGIN_IMT,0.6727752446725251,0.6727752446725251
cat__DEST_LAN,-0.671160705332702,0.671160705332702
cat__ORIGIN_STATE_ABR_AK,-0.6576626508849861,0.6576626508849861
cat__DEST_OTH,0.6455448695513525,0.6455448695513525
cat__ORIGIN_PHF,-0.6440361488383506,0.6440361488383506
cat__DEST_HLN,-0.6426939875636546,0.6426939875636546
cat__DEST_ROA,-0.6346673165892542,0.6346673165892542
cat__DEST_GTR,0.6268553360924125,0.6268553360924125
cat__DEST_BRW,-0.6267880202826956,0.6267880202826956
cat__DEST_ABR,-0.6238475741214878,0.6238475741214878
cat__DEST_ASE,0.6228924995487709,0.6228924995487709
cat__ORIGIN_SCE,0.6210674465268876,0.6210674465268876
cat__ORIGIN_YUM,-0.6209158366189229,0.6209158366189229
cat__ORIGIN_ITO,-0.6197104891009494,0.6197104891009494
cat__DEST_LBL,0.6196710156190989,0.6196710156190989
cat__DEST_DRT,-0.6109731836954154,0.6109731836954154
cat__DEST_ROW,-0.6054903021475093,0.6054903021475093
cat__ORIGIN_PBG,-0.5903751758495952,0.5903751758495952
cat__DEST_MFR,-0.5840445857719561,0.5840445857719561
cat__ORIGIN_MHK,-0.583156567513723,0.583156567513723
cat__DEST_PLN,0.5829921351909161,0.5829921351909161
cat__ORIGIN_GUM,-0.5807911239479085,0.5807911239479085
cat__DEST_EGE,0.5734543862652224,0.5734543862652224
cat__DEST_BMI,-0.5697667776119503,0.5697667776119503
cat__ORIGIN_ABY,0.567081717707768,0.567081717707768
cat__ORIGIN_VEL,-0.5662360345927242,0.5662360345927242
cat__ORIGIN_YAK,-0.5588601086331886,0.5588601086331886
cat__ORIGIN_JLN,0.5501590697152344,0.5501590697152344
cat__ORIGIN_UIN,0.5491404276991934,0.5491404276991934
cat__DEST_EKO,-0.5455322815317312,0.5455322815317312
cat__DEST_HRL,0.5452409010620254,0.5452409010620254
cat__ORIGIN_BPT,0.5406484180035176,0.5406484180035176
cat__ORIGIN_SWF,0.535990451243203,0.535990451243203
cat__ORIGIN_PVU,0.5338890344570019,0.5338890344570019
cat__DEST_SLN,0.532368134441588,0.532368134441588
cat__ORIGIN_CYS,-0.5302238217918042,0.5302238217918042
cat__DEST_PAE,-0.5297088832688318,0.5297088832688318
cat__ORIGIN_RKS,-0.5289388677793322,0.5289388677793322
cat__ORIGIN_RDD,0.5108695118471861,0.5108695118471861
cat__DEST_BOI,0.5081957832290567,0.5081957832290567
cat__DEST_STC,0.5038814681282864,0.5038814681282864
cat__DEST_INL,-0.5031003348897569,0.5031003348897569
cat__DEST_EAR,-0.4995819172278955,0.4995819172278955
cat__ORIGIN_LSE,-0.49903819345525247,0.49903819345525247
cat__ORIGIN_EKO,-0.4987165330867361,0.4987165330867361
cat__ORIGIN_DAB,-0.4983330099104308,0.4983330099104308
cat__DEST_OME,0.4972360810641768,0.4972360810641768
cat__ORIGIN_SFB,0.49532406255892336,0.49532406255892336
cat__ORIGIN_PLN,-0.49482467261184,0.49482467261184
cat__DEST_STATE_ABR_MN,-0.4927244456436736,0.4927244456436736
cat__DEST_XNA,0.4900758950899987,0.4900758950899987
cat__ORIGIN_LCK,-0.4899081144064356,0.4899081144064356
cat__ORIGIN_GGG,0.48750506416696227,0.48750506416696227
cat__ORIGIN_SPN,0.4869605872274381,0.4869605872274381
cat__DEST_LRD,-0.48022354429222663,0.48022354429222663
cat__DEST_ABI,-0.4794493605670161,0.4794493605670161
cat__DEST_SWF,0.4761125101095018,0.4761125101095018
cat__DEST_GUM,0.4717547936151664,0.4717547936151664
cat__DEST_LAR,-0.47020340746194894,0.47020340746194894
cat__ORIGIN_ADK,0.4698682170409983,0.4698682170409983
cat__DEST_SHR,-0.4670649972272785,0.4670649972272785
cat__DEST_HDN,0.46650805617456104,0.46650805617456104
cat__ORIGIN_STATE_ABR_UT,-0.46176511802910924,0.46176511802910924
cat__DEST_CNY,0.4594975207756389,0.4594975207756389
cat__ORIGIN_XWA,-0.4585520363726862,0.4585520363726862
cat__ORIGIN_BQN,0.4566772738494057,0.4566772738494057
cat__DEST_STATE_ABR_WY,-0.45565472623978126,0.45565472623978126
cat__DEST_BQK,-0.45422591233344173,0.45422591233344173
cat__DEST_BPT,0.4523753887550235,0.4523753887550235
cat__DEST_TBN,0.45052917904537043,0.45052917904537043
cat__DEST_ATL,-0.4494024681387254,0.4494024681387254
cat__DEST_HOB,-0.44932040040590776,0.44932040040590776
cat__DEST_PRC,0.4465881393250775,0.4465881393250775
cat__OP_UNIQUE_CARRIER_DL,-0.4452038748387088,0.4452038748387088
cat__DEST_BLI,0.44510469552070137,0.44510469552070137
cat__ORIGIN_CSG,0.4445336766356262,0.4445336766356262
cat__ORIGIN_EAU,0.4442068200805052,0.4442068200805052
cat__DEST_PGD,0.443755093090106,0.443755093090106
cat__ORIGIN_LYH,0.4426517769693043,0.4426517769693043
cat__ORIGIN_STS,0.44216446237488677,0.44216446237488677
cat__DEST_ATW,0.43881714659340176,0.43881714659340176
cat__DEST_SAF,0.43598842993999976,0.43598842993999976
cat__ORIGIN_LBF,-0.43574957757368793,0.43574957757368793
cat__ORIGIN_BTM,0.4354338317589739,0.4354338317589739
cat__ORIGIN_CHO,0.43215995605232627,0.43215995605232627
cat__DEST_HIB,-0.432089568799409,0.432089568799409
cat__DEST_PBG,0.4314041813368676,0.4314041813368676
cat__DEST_BZN,0.4299993016656634,0.4299993016656634
cat__ORIGIN_ACV,-0.42681275796559665,0.42681275796559665
cat__ORIGIN_GJT,-0.426688575929482,0.426688575929482
cat__DEST_ITO,-0.4260055102784703,0.4260055102784703
cat__DEST_LAX,-0.42471483395931886,0.42471483395931886
cat__ORIGIN_AGS,0.42029060917408345,0.42029060917408345
cat__ORIGIN_GTF,-0.41904613020494536,0.41904613020494536
cat__DEST_PHF,0.4188394998919461,0.4188394998919461
cat__DEST_SGU,-0.4188124886746726,0.4188124886746726
cat__DEST_ALO,-0.41830493711725425,0.41830493711725425
cat__ORIGIN_SHD,-0.4182153139628591,0.4182153139628591
cat__DEST_HHH,0.41784096171769325,0.41784096171769325
cat__DEST_UIN,0.41738477398522594,0.41738477398522594
cat__ORIGIN_DFW,-0.416466272581573,0.416466272581573
cat__DEST_APN,-0.41545295636672963,0.41545295636672963
cat__DEST_PUB,-0.41383689697121817,0.41383689697121817
cat__ORIGIN_WYS,-0.41327225444613225,0.41327225444613225
cat__ORIGIN_JMS,0.4120119320790644,0.4120119320790644
cat__ORIGIN_MKG,-0.41153983259499677,0.41153983259499677
cat__DEST_MCW,0.4099117845332884,0.4099117845332884
cat__ORIGIN_ACK,0.4060984531576395,0.4060984531576395
cat__ORIGIN_JNU,0.40516971010782327,0.40516971010782327
cat__DEST_YAK,-0.4038460875805489,0.4038460875805489
cat__DEST_GUC,0.4004821302085123,0.4004821302085123
cat__DEST_DEC,0.4000343358513575,0.4000343358513575
cat__OP_UNIQUE_CARRIER_YX,-0.39897086411927046,0.39897086411927046
cat__DEST_PAH,0.3959108122137601,0.3959108122137601
cat__ORIGIN_FAT,0.393669164501984,0.393669164501984
cat__ORIGIN_TVC,0.3912068570684682,0.3912068570684682
cat__DEST_ABQ,0.38963894322931686,0.38963894322931686
cat__ORIGIN_ORD,-0.388620054767799,0.388620054767799
cat__DEST_AKN,0.3884891683667151,0.3884891683667151
cat__ORIGIN_DRT,-0.38732177216470964,0.38732177216470964
cat__DEST_PSM,-0.3851354352867503,0.3851354352867503
cat__ORIGIN_PAH,0.3849195194316553,0.3849195194316553
cat__ORIGIN_GCK,-0.3842163589825464,0.3842163589825464
cat__DEST_EWR,0.38332105655149606,0.38332105655149606
cat__ORIGIN_PHX,-0.38135473878448134,0.38135473878448134
cat__DEST_GRK,0.3806384494005081,0.3806384494005081
cat__ORIGIN_ORH,-0.3792303888865064,0.3792303888865064
cat__ORIGIN_MEM,-0.378616356731751,0.378616356731751
cat__DEST_XWA,0.3785346343100965,0.3785346343100965
cat__DEST_ALW,-0.37811819509538375,0.37811819509538375
cat__DEST_MYR,-0.37235071369704986,0.37235071369704986
cat__DEST_BQN,0.3720928732121682,0.3720928732121682
cat__ORIGIN_JAC,0.3716745606030445,0.3716745606030445
cat__ORIGIN_DBQ,0.37013152796575227,0.37013152796575227
cat__OP_UNIQUE_CARRIER_F9,0.3692573186005855,0.3692573186005855
cat__DEST_GPT,-0.3676878381053232,0.3676878381053232
cat__ORIGIN_CWA,-0.36643546484234757,0.36643546484234757
cat__DEST_STATE_ABR_AK,0.36614572750335705,0.36614572750335705
cat__DEST_CKB,0.365497442119541,0.365497442119541
cat__DEST_IDA,0.3631746485275643,0.3631746485275643
cat__ORIGIN_ANC,-0.36299270396042627,0.36299270396042627
cat__OP_UNIQUE_CARRIER_UA,-0.3626963773708558,0.3626963773708558
cat__DEST_CLL,-0.36268588982890443,0.36268588982890443
cat__ORIGIN_FLO,0.36101419530731416,0.36101419530731416
cat__DEST_MRY,-0.3605503459982644,0.3605503459982644
cat__ORIGIN_EWN,-0.3604357949713,0.3604357949713
cat__ORIGIN_HIB,0.35969177749028025,0.35969177749028025
cat__DEST_PIH,-0.3592067127515294,0.3592067127515294
cat__DEST_LIT,0.358961495049122,0.358961495049122
cat__DEST_SAT,0.3577276978475903,0.3577276978475903
cat__ORIGIN_CKB,0.3563608294212129,0.3563608294212129
cat__DEST_HTS,0.35327846732519225,0.35327846732519225
cat__ORIGIN_DRO,-0.35063409100297116,0.35063409100297116
cat__ORIGIN_LBL,0.35035922135755854,0.35035922135755854
cat__ORIGIN_VPS,0.34995383516301887,0.34995383516301887
cat__DEST_SCC,0.34943265301262505,0.34943265301262505
cat__DEST_EWN,0.3471462246794073,0.3471462246794073
cat__ORIGIN_MCW,-0.3464508175652815,0.3464508175652815
cat__DEST_GRB,-0.34609894830789967,0.34609894830789967
cat__DEST_TXK,-0.34590896511327135,0.34590896511327135
cat__DEST_LCK,-0.3442063798250816,0.3442063798250816
cat__OP_UNIQUE_CARRIER_VX,-0.34196813645474355,0.34196813645474355
cat__DEST_ACV,0.3418865782625359,0.3418865782625359
cat__OP_UNIQUE_CARRIER_9E,-0.34142406991852503,0.34142406991852503
cat__ORIGIN_LNK,-0.3409515049343633,0.3409515049343633
cat__DEST_SPN,-0.3383636822566617,0.3383636822566617
cat__ORIGIN_LRD,-0.3378300972459677,0.3378300972459677
cat__ORIGIN_COD,0.3377428072848858,0.3377428072848858
cat__DEST_SAV,0.33651522605146045,0.33651522605146045
cat__DEST_ADK,0.336251416538604,0.336251416538604
cat__DEST_MLI,0.33428705796552555,0.33428705796552555
cat__DEST_MSP,0.33355265210160534,0.33355265210160534
cat__ORIGIN_PGD,0.3330619706301834,0.3330619706301834
cat__ORIGIN_SAF,0.33240870628351044,0.33240870628351044
cat__DEST_ACT,-0.33183587970417544,0.33183587970417544
cat__DEST_CRW,-0.33056675889441217,0.33056675889441217
cat__ORIGIN_SGU,-0.32975537101918473,0.32975537101918473
cat__DEST_AZA,0.32900131098002244,0.32900131098002244
cat__DEST_CHO,0.3280773259057354,0.3280773259057354
cat__ORIGIN_MAF,-0.3260750905713543,0.3260750905713543
cat__DEST_RNO,0.32354313091406967,0.32354313091406967
cat__DEST_JST,-0.32297128360625066,0.32297128360625066
cat__DEST_ITH,-0.32213838098800723,0.32213838098800723
cat__ORIGIN_VCT,0.3220597497712923,0.3220597497712923
cat__ORIGIN_ESC,-0.32031476075103316,0.32031476075103316
cat__DEST_OMA,0.3194721531224756,0.3194721531224756
cat__DEST_SPI,-0.3189038300718685,0.3189038300718685
cat__ORIGIN_STATE_ABR_PR,0.3184470163518966,0.3184470163518966
cat__ORIGIN_BRO,-0.3177279751405777,0.3177279751405777
cat__ORIGIN_DEC,0.31699362016435106,0.31699362016435106
cat__ORIGIN_INL,-0.3161186953543931,0.3161186953543931
cat__ORIGIN_ACT,0.31456268145226934,0.31456268145226934
cat__DEST_EAT,0.31370901493987574,0.31370901493987574
cat__ORIGIN_GCC,0.3136902319421682,0.3136902319421682
cat__ORIGIN_MCI,-0.31305732510819473,0.31305732510819473
cat__DEST_RAP,0.31211143817006815,0.31211143817006815
cat__ORIGIN_SHR,-0.311841517302704,0.311841517302704
cat__ORIGIN_STATE_ABR_WY,-0.3111517488205884,0.3111517488205884
cat__ORIGIN_HLN,-0.31069832477518466,0.31069832477518466
cat__ORIGIN_MIA,-0.31036751375476584,0.31036751375476584
cat__DEST_MTJ,0.3076211340264591,0.3076211340264591
cat__DEST_VCT,-0.30724239480061916,0.30724239480061916
cat__DEST_YKM,0.3068530021305733,0.3068530021305733
cat__DEST_AZO,0.3043549494665809,0.3043549494665809
cat__DEST_GRI,-0.3041808504349535,0.3041808504349535
cat__ORIGIN_EVV,0.3041510916291686,0.3041510916291686
cat__DEST_MAF,0.3017830041379113,0.3017830041379113
cat__ORIGIN_ABQ,-0.3011796882322796,0.3011796882322796
cat__ORIGIN_JAN,-0.3009476987884268,0.3009476987884268
cat__ORIGIN_SEA,-0.30011363132256447,0.30011363132256447
cat__ORIGIN_MOB,0.2985620631548321,0.2985620631548321
cat__DEST_DLG,-0.2977977964018481,0.2977977964018481
cat__DEST_STATE_ABR_GA,-0.2975285991477141,0.2975285991477141
cat__DEST_SDF,-0.29712050640749066,0.29712050640749066
cat__DEST_CDC,0.2970091826662544,0.2970091826662544
cat__ORIGIN_PDX,-0.295810362692882,0.295810362692882
cat__DEST_MIA,-0.291310401428335,0.291310401428335
cat__DEST_LBE,0.29108207525136376,0.29108207525136376
cat__DEST_SLC,-0.2910592125072734,0.2910592125072734
cat__DEST_SBA,0.28865675770102506,0.28865675770102506
cat__DEST_STATE_ABR_CO,0.2870273162705299,0.2870273162705299
cat__ORIGIN_ASE,0.28681251060658436,0.28681251060658436
cat__ORIGIN_CLT,-0.28545699816421755,0.28545699816421755
cat__DEST_CLT,-0.28312537596997134,0.28312537596997134
cat__DEST_SUN,0.2828122939162362,0.2828122939162362
cat__ORIGIN_ROC,-0.2828020736007072,0.2828020736007072
cat__ORIGIN_SPS,0.2816657161422045,0.2816657161422045
cat__ORIGIN_DEN,-0.2798471827434331,0.2798471827434331
cat__DEST_STATE_ABR_HI,0.27944755979607505,0.27944755979607505
cat__DEST_FSD,0.27889809358804113,0.27889809358804113
cat__ORIGIN_STATE_ABR_ID,-0.2777820164783558,0.2777820164783558
cat__DEST_STATE_ABR_TT,0.27708690838704336,0.27708690838704336
cat__DEST_ANC,-0.2768926019203649,0.2768926019203649
cat__DEST_SYR,-0.2750647059168845,0.2750647059168845
cat__ORIGIN_EUG,0.27490642513020414,0.27490642513020414
cat__DEST_CYS,-0.2740563580808209,0.2740563580808209
cat__DEST_ALS,-0.2726118981399636,0.2726118981399636
cat__ORIGIN_RAP,-0.27213446383839,0.27213446383839
cat__DEST_AUS,0.2716111274923416,0.2716111274923416
cat__ORIGIN_ISP,0.2698118022375778,0.2698118022375778
cat__DEST_RKS,0.26951931146917474,0.26951931146917474
cat__DEST_LAW,0.26926041694606023,0.26926041694606023
cat__ORIGIN_MSY,-0.26864296946726757,0.26864296946726757
cat__DEST_LCH,-0.2681119582780543,0.2681119582780543
cat__ORIGIN_SIT,-0.26750864883608455,0.26750864883608455
cat__ORIGIN_GNV,0.266409684408252,0.266409684408252
cat__ORIGIN_STATE_ABR_NJ,0.2662407412056627,0.2662407412056627
cat__ORIGIN_STATE_ABR_NV,-0.2658959714074638,0.2658959714074638
cat__ORIGIN_OGS,-0.2654084535312096,0.2654084535312096
cat__DEST_CWA,0.2648939828660325,0.2648939828660325
cat__ORIGIN_TTN,0.26472737375921657,0.26472737375921657
cat__ORIGIN_PIH,0.2643348097156858,0.2643348097156858
cat__DEST_SIT,0.26392240910980325,0.26392240910980325
cat__DEST_TUL,0.26332719461096266,0.26332719461096266
cat__DEST_STATE_ABR_WV,0.2622845523202802,0.2622845523202802
cat__OP_UNIQUE_CARRIER_G4,0.2616641432354958,0.2616641432354958
cat__ORIGIN_DSM,0.2612743866778426,0.2612743866778426
cat__DEST_PBI,0.2610730049760617,0.2610730049760617
cat__ORIGIN_JFK,-0.2604868302751188,0.2604868302751188
cat__DEST_HYA,-0.2603264895235294,0.2603264895235294
cat__DEST_JNU,0.2585224152392987,0.2585224152392987
cat__ORIGIN_MSP,-0.2583045991260636,0.2583045991260636
cat__DEST_RDD,-0.25789178627004905,0.25789178627004905
cat__ORIGIN_PSM,0.25771715742854817,0.25771715742854817
cat__ORIGIN_APN,-0.2571330066767982,0.2571330066767982
cat__ORIGIN_IND,-0.25683358108195437,0.25683358108195437
cat__ORIGIN_SAV,0.25655105537102174,0.25655105537102174
cat__DEST_GFK,-0.2564320317700651,0.2564320317700651
cat__DEST_ACY,-0.2557506278454798,0.2557506278454798
cat__DEST_DLH,-0.25451864989390405,0.25451864989390405
cat__ORIGIN_SBP,0.2543077951492864,0.2543077951492864
cat__DEST_DEN,-0.25393657488792626,0.25393657488792626
cat__DEST_ABY,0.2538045452547337,0.2538045452547337
cat__DEST_MOT,-0.25372885433309744,0.25372885433309744
cat__ORIGIN_STATE_ABR_WV,0.2534524383423767,0.2534524383423767
cat__DEST_GRR,0.25323525614431547,0.25323525614431547
cat__DEST_BRD,-0.2531225890753504,0.2531225890753504
cat__DEST_BKG,-0.2524343554542516,0.2524343554542516
cat__ORIGIN_SDF,-0.25191372159773123,0.25191372159773123
cat__DEST_OAJ,-0.2518024713525986,0.2518024713525986
cat__ORIGIN_TWF,0.2499282971374998,0.2499282971374998
cat__DEST_DDC,-0.2491431149934205,0.2491431149934205
cat__ORIGIN_HYA,0.248544773691388,0.248544773691388
cat__DEST_BFF,0.24721516335275165,0.24721516335275165
cat__DEST_ISP,0.2465818364905552,0.2465818364905552
cat__DEST_STATE_ABR_AR,-0.24612510710809665,0.24612510710809665
cat__ORIGIN_CPR,0.24593750350141028,0.24593750350141028
cat__DEST_HNL,0.2439756069463283,0.2439756069463283
cat__ORIGIN_STATE_ABR_AL,0.24383858824782353,0.24383858824782353
cat__DEST_CAK,0.24306891390365368,0.24306891390365368
cat__ORIGIN_TRI,0.24301902599949787,0.24301902599949787
cat__ORIGIN_ROA,0.24085801177633476,0.24085801177633476
cat__DEST_ORH,-0.239972954232534,0.239972954232534
cat__DEST_STATE_ABR_NH,-0.239828252012149,0.239828252012149
cat__ORIGIN_TBN,-0.23979445808866737,0.23979445808866737
cat__DEST_CMX,0.23909473120287048,0.23909473120287048
cat__ORIGIN_HRL,-0.23888567836709862,0.23888567836709862
cat__ORIGIN_GPT,0.23769757381480724,0.23769757381480724
cat__DEST_PIB,-0.23560075903354216,0.23560075903354216
cat__ORIGIN_KOA,-0.23528682540863533,0.23528682540863533
cat__ORIGIN_TPA,-0.2350268344321201,0.2350268344321201
cat__ORIGIN_ABI,0.23476799935755396,0.23476799935755396
cat__ORIGIN_BKG,0.23387395384408327,0.23387395384408327
cat__ORIGIN_BIL,0.2338322363582199,0.2338322363582199
cat__ORIGIN_FCA,0.2337506624593671,0.2337506624593671
cat__DEST_CID,0.23372349046435414,0.23372349046435414
cat__DEST_LBB,0.23240885206812037,0.23240885206812037
cat__DEST_ISN,-0.2321899897668809,0.2321899897668809
cat__ORIGIN_PIE,-0.2306927605418808,0.2306927605418808
cat__ORIGIN_PAE,-0.22970149980126658,0.22970149980126658
cat__ORIGIN_SLN,0.2296262180753493,0.2296262180753493
cat__DEST_FOD,-0.2293740692995928,0.2293740692995928
cat__DEST_STATE_ABR_NM,-0.22918332938409267,0.22918332938409267
cat__DEST_OGS,-0.2253371450629898,0.2253371450629898
cat__ORIGIN_DTW,-0.22472724362106497,0.22472724362106497
cat__DEST_DAB,-0.22398108590253368,0.22398108590253368
cat__DEST_CLD,-0.2238984652719658,0.2238984652719658
cat__DEST_KOA,0.22292927525581857,0.22292927525581857
cat__OP_UNIQUE_CARRIER_AS,-0.2217322683712904,0.2217322683712904
cat__DEST_BUF,-0.22172161747333527,0.22172161747333527
cat__ORIGIN_MRY,-0.2209400988879189,0.2209400988879189
cat__DEST_PHX,-0.21915180718546293,0.21915180718546293
cat__ORIGIN_CRP,0.21894625919548,0.21894625919548
cat__DEST_TWF,-0.2189116799302012,0.2189116799302012
cat__DEST_STATE_ABR_SD,-0.21875597717641282,0.21875597717641282
cat__ORIGIN_PIT,-0.2184654229815858,0.2184654229815858
cat__ORIGIN_MCO,-0.2177142712341955,0.2177142712341955
cat__DEST_BIH,0.21736638242097037,0.21736638242097037
cat__ORIGIN_PSC,0.21713974658794002,0.21713974658794002
cat__ORIGIN_SUN,-0.2170814875808199,0.2170814875808199
cat__ORIGIN_ROW,0.21565225811090918,0.21565225811090918
cat__DEST_IFP,0.215603254975802,0.215603254975802
cat__ORIGIN_SJU,-0.21504516036646482,0.21504516036646482
cat__ORIGIN_AZO,0.2148358621897483,0.2148358621897483
cat__DEST_TUS,0.21450479347872053,0.21450479347872053
cat__ORIGIN_SAN,-0.2140247915522888,0.2140247915522888
cat__ORIGIN_BLI,0.21385088198243343,0.21385088198243343
cat__ORIGIN_SBA,0.21233386680075733,0.21233386680075733
cat__ORIGIN_GEG,-0.21180739208044394,0.21180739208044394
cat__DEST_DIK,-0.21162011396713357,0.21162011396713357
cat__ORIGIN_STATE_ABR_WA,-0.21142539104571043,0.21142539104571043
cat__ORIGIN_HSV,-0.21131289596178227,0.21131289596178227
cat__DEST_EUG,0.2113072967592018,0.2113072967592018
cat__ORIGIN_RIW,-0.21105140016699103,0.21105140016699103
cat__ORIGIN_EAT,0.21089702264035193,0.21089702264035193
cat__ORIGIN_MBS,0.20924924897077665,0.20924924897077665
cat__ORIGIN_GRK,-0.20907188456471223,0.20907188456471223
cat__DEST_STATE_ABR_OK,-0.2082254454587909,0.2082254454587909
cat__DEST_JFK,-0.20671016210305684,0.20671016210305684
cat__ORIGIN_CDC,-0.2056164295722032,0.2056164295722032
cat__DEST_TTN,-0.20551993062082624,0.20551993062082624
cat__DEST_PUW,0.20543218833152907,0.20543218833152907
cat__ORIGIN_IAG,0.20529669165024048,0.20529669165024048
cat__ORIGIN_MDW,-0.2052590644846747,0.2052590644846747
cat__ORIGIN_MFR,-0.20447171201743994,0.20447171201743994
cat__ORIGIN_HTS,-0.20214230822169096,0.20214230822169096
cat__DEST_SBN,-0.2011741574660469,0.2011741574660469
cat__DEST_FWA,0.2008203621963261,0.2008203621963261
cat__ORIGIN_STATE_ABR_TT,-0.19914408857370267,0.19914408857370267
cat__ORIGIN_KTN,0.19856591003508603,0.19856591003508603
cat__DEST_STATE_ABR_CA,0.19834216441090155,0.19834216441090155
cat__ORIGIN_BTR,0.1980562123487651,0.1980562123487651
cat__ORIGIN_BOS,-0.1971176022957911,0.1971176022957911
cat__DEST_HPN,0.19646284202730765,0.19646284202730765
cat__DEST_PDX,-0.19630985407751997,0.19630985407751997
cat__ORIGIN_ABR,0.19622427101601517,0.19622427101601517
cat__DEST_LIH,0.19597061734925406,0.19597061734925406
cat__ORIGIN_STATE_ABR_NE,-0.1953432055732522,0.1953432055732522
cat__ORIGIN_BUF,-0.194241307425036,0.194241307425036
cat__ORIGIN_ORF,0.19410709764570305,0.19410709764570305
cat__ORIGIN_STATE_ABR_NM,0.1930591175236046,0.1930591175236046
cat__DEST_CDV,-0.19189769910032173,0.19189769910032173
cat__DEST_STATE_ABR_ID,-0.19185413320528608,0.19185413320528608
cat__DEST_SUX,0.19174777126789994,0.19174777126789994
cat__DEST_MCO,-0.1906972520292315,0.1906972520292315
cat__DEST_TRI,-0.19050828562039768,0.19050828562039768
cat__ORIGIN_BRW,-0.1889911450152481,0.1889911450152481
cat__ORIGIN_IFP,-0.1885399962077534,0.1885399962077534
cat__ORIGIN_STATE_ABR_OK,-0.18806972206348743,0.18806972206348743
cat__DEST_STT,0.187908063915447,0.187908063915447
cat__ORIGIN_ILG,-0.18761855766915428,0.18761855766915428
cat__ORIGIN_STATE_ABR_DE,-0.18761855766915428,0.18761855766915428
cat__DEST_STL,-0.18756186702335328,0.18756186702335328
cat__ORIGIN_JAX,-0.1864418017072919,0.1864418017072919
cat__ORIGIN_CID,0.1862003448985871,0.1862003448985871
cat__DEST_FLL,-0.18578607219379661,0.18578607219379661
cat__ORIGIN_BFF,-0.18519475023635257,0.18519475023635257
cat__DEST_AEX,-0.18485386686151747,0.18485386686151747
cat__ORIGIN_CHA,0.1846902003647362,0.1846902003647362
cat__ORIGIN_STL,-0.18405413824877467,0.18405413824877467
cat__ORIGIN_BIS,-0.18389749095865232,0.18389749095865232
cat__ORIGIN_SUX,0.18381072448437838,0.18381072448437838
cat__DEST_PGV,0.1837819140629871,0.1837819140629871
cat__ORIGIN_SHV,0.1832841395728207,0.1832841395728207
cat__DEST_TYS,0.18308583463446046,0.18308583463446046
cat__DEST_MVY,0.182983481779987,0.182983481779987
cat__ORIGIN_STATE_ABR_MS,0.1829763986894621,0.1829763986894621
cat__ORIGIN_GTR,0.18262135106667812,0.18262135106667812
cat__DEST_OGD,0.18239117202067612,0.18239117202067612
cat__DEST_CRP,0.18227018600885778,0.18227018600885778
cat__DEST_PSC,-0.1820503965291407,0.1820503965291407
cat__DEST_OKC,0.1820386443693503,0.1820386443693503
cat__DEST_MOB,-0.18115068272762705,0.18115068272762705
cat__DEST_PWM,-0.1809793241698868,0.1809793241698868
cat__DEST_STATE_ABR_PR,0.1800421959965284,0.1800421959965284
cat__ORIGIN_ISN,0.17918997100832226,0.17918997100832226
cat__DEST_ICT,0.17857633475843043,0.17857633475843043
cat__DEST_DRO,-0.17842656617534844,0.17842656617534844
cat__DEST_DBQ,-0.17768972660200633,0.17768972660200633
cat__ORIGIN_AVP,0.17747086432483575,0.17747086432483575
cat__DEST_MEI,0.17692617014108775,0.17692617014108775
cat__DEST_BIL,0.17660036993696662,0.17660036993696662
cat__DEST_USA,0.17641441084951306,0.17641441084951306
cat__DEST_MSY,0.17618518663349197,0.17618518663349197
cat__DEST_TLH,-0.17613531530553994,0.17613531530553994
cat__DEST_PQI,0.17567366596897108,0.17567366596897108
cat__ORIGIN_IAD,-0.17458411301966975,0.17458411301966975
cat__DEST_MLB,0.17341827272819285,0.17341827272819285
cat__ORIGIN_FAI,-0.17322551570993824,0.17322551570993824
cat__DEST_FAR,0.17271027950974244,0.17271027950974244
cat__ORIGIN_SFO,-0.17262749632960261,0.17262749632960261
cat__DEST_TOL,-0.1726147307758926,0.1726147307758926
cat__DEST_HVN,-0.1722951857723336,0.1722951857723336
cat__ORIGIN_MLU,-0.17199913080295307,0.17199913080295307
cat__ORIGIN_ICT,0.17161036937360277,0.17161036937360277
cat__ORIGIN_BOI,0.17155255283422471,0.17155255283422471
cat__ORIGIN_PIA,-0.17144111718916946,0.17144111718916946
cat__ORIGIN_TUL,-0.171396497105451,0.171396497105451
cat__ORIGIN_ATW,0.171264017082518,0.171264017082518
cat__DEST_RST,0.17117585533884594,0.17117585533884594
cat__DEST_JMS,0.17067400103041896,0.17067400103041896
cat__ORIGIN_FSM,-0.17046120502535228,0.17046120502535228
cat__DEST_CHA,0.17043132834715358,0.17043132834715358
cat__ORIGIN_LGB,-0.1700739181349024,0.1700739181349024
cat__DEST_DAL,0.1700475763138863,0.1700475763138863
cat__ORIGIN_TYS,0.17002342633572143,0.17002342633572143
cat__ORIGIN_RNO,0.17002029025362136,0.17002029025362136
cat__DEST_IMT,0.16994906826415204,0.16994906826415204
cat__ORIGIN_MDT,-0.1698060938157089,0.1698060938157089
cat__DEST_LSE,0.16974704495685464,0.16974704495685464
cat__DEST_OWB,0.1690509990009569,0.1690509990009569
cat__DEST_MFE,0.16891531390969847,0.16891531390969847
cat__DEST_ACK,0.16811944249295385,0.16811944249295385
cat__DEST_AMA,-0.16739659304314153,0.16739659304314153
cat__DEST_STATE_ABR_MD,-0.16721828044929204,0.16721828044929204
cat__DEST_STATE_ABR_VI,0.16699675013476248,0.16699675013476248
cat__DEST_CMH,0.1669048866758326,0.1669048866758326
cat__ORIGIN_GRR,0.16682980220509955,0.16682980220509955
cat__ORIGIN_IAH,-0.1666243917107361,0.1666243917107361
cat__DEST_TPA,-0.16645806737146435,0.16645806737146435
cat__ORIGIN_GRB,0.16592532683645805,0.16592532683645805
cat__DEST_STATE_ABR_OH,-0.165454759790321,0.165454759790321
cat__ORIGIN_DCA,-0.16512551015977978,0.16512551015977978
cat__ORIGIN_CAK,0.1650056456176618,0.1650056456176618
cat__ORIGIN_ONT,-0.16402539247243936,0.16402539247243936
cat__ORIGIN_STATE_ABR_OR,-0.1638204562935185,0.1638204562935185
cat__ORIGIN_FLG,-0.16308135093784115,0.16308135093784115
cat__DEST_VLD,-0.1623393420606599,0.1623393420606599
cat__DEST_DTW,-0.16148951189864041,0.16148951189864041
cat__DEST_MEM,-0.15982901970794486,0.15982901970794486
cat__OP_UNIQUE_CARRIER_AA,-0.15977617867907593,0.15977617867907593
cat__ORIGIN_DLH,0.15971889267364645,0.15971889267364645
cat__ORIGIN_STC,-0.15959548684824945,0.15959548684824945
cat__ORIGIN_YKM,-0.15834756726703478,0.15834756726703478
cat__DEST_BGM,0.1577756562695718,0.1577756562695718
cat__DEST_GGG,0.15733866941074995,0.15733866941074995
cat__DEST_SNA,-0.15724242649189898,0.15724242649189898
cat__DEST_GST,-0.15693551272923678,0.15693551272923678
cat__ORIGIN_OAJ,-0.15631684083077507,0.15631684083077507
cat__DEST_STATE_ABR_WI,-0.1551927708562993,0.1551927708562993
cat__DEST_PIA,-0.15417274991517668,0.15417274991517668
cat__ORIGIN_STATE_ABR_NH,0.15373817636810358,0.15373817636810358
cat__ORIGIN_CMX,0.1530239866642964,0.1530239866642964
cat__DEST_FAT,0.1528472246989995,0.1528472246989995
cat__ORIGIN_PSP,0.15260115182604234,0.15260115182604234
cat__ORIGIN_STATE_ABR_IL,0.15189651768541484,0.15189651768541484
cat__DEST_ESC,-0.15149793968572367,0.15149793968572367
cat__ORIGIN_STATE_ABR_VI,0.1509387719013168,0.1509387719013168
cat__ORIGIN_FSD,0.15057399444879124,0.15057399444879124
cat__DEST_WYS,-0.14973812560335648,0.14973812560335648
cat__ORIGIN_LCH,-0.14931238229637897,0.14931238229637897
cat__ORIGIN_AEX,0.14888309899935345,0.14888309899935345
cat__OP_UNIQUE_CARRIER_QX,0.14884646816708205,0.14884646816708205
cat__ORIGIN_HVN,-0.14844098583877785,0.14844098583877785
cat__ORIGIN_LBE,-0.14817280603138588,0.14817280603138588
cat__DEST_STS,0.14697181686712246,0.14697181686712246
cat__DEST_SRQ,0.14681911854774274,0.14681911854774274
cat__DEST_GNV,0.14592001276693883,0.14592001276693883
cat__ORIGIN_TOL,0.14584942536252335,0.14584942536252335
cat__DEST_EYW,0.145681194310011,0.145681194310011
cat__DEST_MHT,0.1453071832746046,0.1453071832746046
cat__ORIGIN_HPN,0.14433318928082325,0.14433318928082325
cat__DEST_MKG,-0.14399783356713547,0.14399783356713547
cat__DEST_PPG,0.14369579702853855,0.14369579702853855
cat__ORIGIN_MYR,-0.14362231019722602,0.14362231019722602
cat__ORIGIN_RIC,0.1426766624863504,0.1426766624863504
cat__ORIGIN_MGM,0.1422201161345052,0.1422201161345052
cat__DEST_STATE_ABR_UT,0.14218326129869804,0.14218326129869804
cat__ORIGIN_STATE_ABR_ME,0.141881924560517,0.141881924560517
cat__ORIGIN_HYS,0.14120809855682065,0.14120809855682065
cat__DEST_ELP,0.14055182198516553,0.14055182198516553
cat__DEST_STATE_ABR_NE,-0.1403694448406205,0.1403694448406205
cat__DEST_STATE_ABR_OR,0.1391476745957164,0.1391476745957164
cat__ORIGIN_STATE_ABR_IA,-0.13863176962430016,0.13863176962430016
cat__DEST_BIS,0.1379084081981412,0.1379084081981412
cat__ORIGIN_PSG,0.13708725452229167,0.13708725452229167
cat__ORIGIN_AZA,0.13705400119754108,0.13705400119754108
cat__DEST_HYS,-0.1363942074771348,0.1363942074771348
cat__DEST_STATE_ABR_ND,-0.13553387676189202,0.13553387676189202
cat__DEST_FLO,0.13502035390460085,0.13502035390460085
cat__DEST_RSW,0.134290980789451,0.134290980789451
cat__DEST_SJU,-0.13424367568151183,0.13424367568151183
cat__DEST_BHM,0.13420151301846667,0.13420151301846667
cat__DEST_DFW,-0.13371217636455174,0.13371217636455174
cat__DEST_SFO,0.1334693486442983,0.1334693486442983
cat__ORIGIN_SPI,0.13338287132216523,0.13338287132216523
cat__DEST_MMH,0.13326649412557467,0.13326649412557467
cat__DEST_STATE_ABR_AZ,0.13315202454697486,0.13315202454697486
cat__ORIGIN_MMH,0.13164169445915466,0.13164169445915466
cat__DEST_STATE_ABR_LA,-0.13146258941720748,0.13146258941720748
cat__ORIGIN_GST,-0.13120345193974078,0.13120345193974078
cat__ORIGIN_FLL,-0.13091000230476327,0.13091000230476327
cat__ORIGIN_STATE_ABR_OH,-0.13085578456529717,0.13085578456529717
cat__DEST_RDU,0.1308126574558482,0.1308126574558482
cat__ORIGIN_MLB,0.13061944206795506,0.13061944206795506
cat__DEST_VPS,-0.13002557704279652,0.13002557704279652
cat__ORIGIN_TXK,0.12973220106324768,0.12973220106324768
cat__ORIGIN_MFE,-0.12933734584023932,0.12933734584023932
cat__ORIGIN_LBB,0.12933710952211638,0.12933710952211638
cat__DEST_CVG,-0.12907872563739478,0.12907872563739478
cat__DEST_JLN,0.12839513858459037,0.12839513858459037
cat__ORIGIN_STATE_ABR_MN,-0.12728759701320586,0.12728759701320586
cat__ORIGIN_SJC,-0.1271272606566261,0.1271272606566261
cat__DEST_STATE_ABR_DE,0.1264114966717782,0.1264114966717782
cat__DEST_ILG,0.1264114966717782,0.1264114966717782
cat__DEST_LAS,0.12618767154459892,0.12618767154459892
cat__DEST_PHL,0.12617149427347304,0.12617149427347304
cat__DEST_AGS,0.12604688979649256,0.12604688979649256
cat__ORIGIN_LEX,0.12600706350275598,0.12600706350275598
cat__ORIGIN_COS,0.12489242305966718,0.12489242305966718
cat__ORIGIN_ART,-0.12484671269194764,0.12484671269194764
cat__DEST_IAD,-0.12356828777428,0.12356828777428
cat__ORIGIN_MLI,-0.12355862941558923,0.12355862941558923
cat__DEST_STATE_ABR_CT,-0.12314012324359613,0.12314012324359613
cat__ORIGIN_OTZ,-0.12185092540045514,0.12185092540045514
cat__DEST_AVL,-0.1216373162975266,0.1216373162975266
cat__ORIGIN_ALW,0.12142970856464821,0.12142970856464821
cat__ORIGIN_STATE_ABR_MA,0.12106743274265092,0.12106743274265092
cat__DEST_SHV,0.11878754821285586,0.11878754821285586
cat__DEST_STATE_ABR_MA,-0.1187708446042427,0.1187708446042427
cat__OP_UNIQUE_CARRIER_HA,0.11857339392496867,0.11857339392496867
cat__ORIGIN_SJT,0.11846093442828735,0.11846093442828735
cat__DEST_ABE,-0.11731410746855973,0.11731410746855973
cat__ORIGIN_UST,0.11626538463691966,0.11626538463691966
cat__DEST_HGR,-0.11491152205467345,0.11491152205467345
cat__DEST_STATE_ABR_SC,0.1148659164809571,0.1148659164809571
cat__DEST_PIR,-0.11441318549287258,0.11441318549287258
cat__ORIGIN_BUR,0.11437680070205443,0.11437680070205443
cat__DEST_EVV,0.11412948695455337,0.11412948695455337
cat__DEST_JAN,-0.113989622783415,0.113989622783415
cat__ORIGIN_STATE_ABR_WI,-0.11301001652419973,0.11301001652419973
cat__DEST_STATE_ABR_AL,-0.11292411474941672,0.11292411474941672
cat__ORIGIN_STATE_ABR_IN,0.11287073190588479,0.11287073190588479
cat__ORIGIN_STATE_ABR_KS,-0.112858358437449,0.112858358437449
cat__ORIGIN_CHS,-0.1128524621088978,0.1128524621088978
cat__ORIGIN_BET,-0.11274163898401948,0.11274163898401948
cat__ORIGIN_STATE_ABR_SC,0.11220338917157179,0.11220338917157179
cat__DEST_AVP,-0.11153602376764059,0.11153602376764059
cat__DEST_CPR,0.11110559497926129,0.11110559497926129
cat__ORIGIN_STATE_ABR_TN,0.11065622780502356,0.11065622780502356
cat__ORIGIN_RST,0.11028531707430322,0.11028531707430322
cat__ORIGIN_EYW,0.10931659250033884,0.10931659250033884
cat__ORIGIN_BDL,0.10924638305455431,0.10924638305455431
cat__ORIGIN_BNA,-0.10846006816337404,0.10846006816337404
cat__DEST_GSP,-0.10790682734501178,0.10790682734501178
cat__DEST_SAN,-0.10778853859082388,0.10778853859082388
cat__ORIGIN_FAR,0.10715423172225522,0.10715423172225522
cat__ORIGIN_LIT,0.10646829780623691,0.10646829780623691
cat__ORIGIN_STATE_ABR_KY,0.10623316447304035,0.10623316447304035
cat__DEST_DCA,-0.10608962639933472,0.10608962639933472
cat__ORIGIN_PPG,-0.10531355185323212,0.10531355185323212
cat__OP_UNIQUE_CARRIER_MQ,-0.10523185526960291,0.10523185526960291
cat__ORIGIN_STT,0.10518104504590157,0.10518104504590157
cat__ORIGIN_HOU,-0.10409917131870712,0.10409917131870712
cat__ORIGIN_MHT,-0.10397898106044424,0.10397898106044424
cat__DEST_MKE,0.10355629909619575,0.10355629909619575
cat__ORIGIN_CIU,0.10282738476681332,0.10282738476681332
cat__ORIGIN_AKN,0.1022938154636486,0.1022938154636486
cat__ORIGIN_JST,-0.1022697712428365,0.1022697712428365
cat__DEST_STATE_ABR_KS,-0.10186252638700331,0.10186252638700331
cat__ORIGIN_STATE_ABR_VT,0.10177140374408152,0.10177140374408152
cat__ORIGIN_BTV,0.10177140374408152,0.10177140374408152
cat__ORIGIN_RDU,0.10080713230368245,0.10080713230368245
cat__ORIGIN_AVL,0.1005486299705508,0.1005486299705508
cat__ORIGIN_CDV,-0.10033374984575778,0.10033374984575778
cat__ORIGIN_STATE_ABR_MT,-0.0997888136260018,0.0997888136260018
cat__DEST_CMI,-0.09961095944610393,0.09961095944610393
cat__DEST_PIE,-0.0995628448930199,0.0995628448930199
cat__ORIGIN_USA,-0.09951496449278188,0.09951496449278188
cat__ORIGIN_MSN,0.09871627655796028,0.09871627655796028
cat__ORIGIN_STATE_ABR_PA,0.0984785983225771,0.0984785983225771
cat__DEST_MHK,0.09830303628278948,0.09830303628278948
cat__ORIGIN_HGR,-0.0972569738333262,0.0972569738333262
cat__OP_UNIQUE_CARRIER_OH,0.09716282465047854,0.09716282465047854
cat__DEST_RHI,-0.09710732625813201,0.09710732625813201
cat__ORIGIN_OKC,0.0968718023025716,0.0968718023025716
cat__DEST_MDT,0.09682294213254997,0.09682294213254997
cat__ORIGIN_STATE_ABR_CO,0.09643427759417328,0.09643427759417328
cat__DEST_STATE_ABR_NV,-0.09580147907339455,0.09580147907339455
cat__ORIGIN_STATE_ABR_CA,-0.09547066769414987,0.09547066769414987
cat__ORIGIN_BLV,0.09519028177185822,0.09519028177185822
cat__DEST_STATE_ABR_KY,0.09460410259358029,0.09460410259358029
cat__DEST_GTF,-0.09431584466566335,0.09431584466566335
cat__ORIGIN_CVG,-0.09295669318067643,0.09295669318067643
cat__DEST_STATE_ABR_WA,0.09203651386110587,0.09203651386110587
cat__OP_UNIQUE_CARRIER_B6,0.0916504548581153,0.0916504548581153
cat__ORIGIN_SGF,0.09151186347897848,0.09151186347897848
cat__ORIGIN_RFD,-0.09139344828494296,0.09139344828494296
cat__ORIGIN_OMA,0.0913264676687842,0.0913264676687842
cat__DEST_STATE_ABR_MI,-0.09045426516873566,0.09045426516873566
cat__ORIGIN_PWM,0.09014501827525617,0.09014501827525617
cat__DEST_CEC,-0.08996428980151655,0.08996428980151655
cat__ORIGIN_TUS,0.08971477523477632,0.08971477523477632
cat__ORIGIN_MQT,-0.08804060098599614,0.08804060098599614
cat__DEST_IND,-0.08802285935840877,0.08802285935840877
cat__DEST_STATE_ABR_MO,0.08693235538161913,0.08693235538161913
cat__ORIGIN_BWI,0.08688797857267595,0.08688797857267595
cat__ORIGIN_PIB,0.08660603500547652,0.08660603500547652
cat__DEST_STATE_ABR_MS,0.08650328631121375,0.08650328631121375
cat__DEST_STATE_ABR_MT,-0.08604506534765666,0.08604506534765666
cat__ORIGIN_SWO,-0.0855425496712236,0.0855425496712236
cat__DEST_MSN,0.08512700893879754,0.08512700893879754
cat__ORIGIN_ACY,0.08509840814596885,0.08509840814596885
cat__DEST_FCA,0.0850961311583003,0.0850961311583003
cat__ORIGIN_BRD,-0.08487844023917807,0.08487844023917807
cat__DEST_BFL,0.08487700498100301,0.08487700498100301
cat__DEST_ELM,-0.08478654445536415,0.08478654445536415
cat__ORIGIN_ELP,-0.08447043370892893,0.08447043370892893
cat__DEST_STATE_ABR_TX,-0.08409140300965112,0.08409140300965112
cat__ORIGIN_SAT,-0.08373161575555337,0.08373161575555337
cat__ORIGIN_EWR,-0.08358504069947914,0.08358504069947914
cat__DEST_VEL,-0.08350652933002567,0.08350652933002567
cat__DEST_BFM,-0.0833967764999799,0.0833967764999799
cat__DEST_SMF,0.08298805949314361,0.08298805949314361
cat__ORIGIN_GFK,-0.08296115169317354,0.08296115169317354
cat__DEST_LNK,0.0826559595972451,0.0826559595972451
cat__ORIGIN_STATE_ABR_GA,0.08251454677885128,0.08251454677885128
cat__DEST_SFB,0.08230440591181987,0.08230440591181987
cat__ORIGIN_LFT,0.08169769545876533,0.08169769545876533
cat__ORIGIN_CNY,0.08134320868645607,0.08134320868645607
cat__ORIGIN_STATE_ABR_AZ,-0.08009098582067353,0.08009098582067353
cat__DEST_BTR,0.0799836730283281,0.0799836730283281
cat__DEST_FNT,-0.0799719819641028,0.0799719819641028
cat__DEST_ECP,0.07975990836488027,0.07975990836488027
cat__ORIGIN_STATE_ABR_FL,0.07842954493258987,0.07842954493258987
cat__ORIGIN_LWB,0.0781087958055749,0.0781087958055749
cat__ORIGIN_MKE,-0.07803781384304807,0.07803781384304807
cat__DEST_STATE_ABR_NJ,-0.07794950191494639,0.07794950191494639
cat__ORIGIN_ECP,0.07772979086437763,0.07772979086437763
cat__ORIGIN_DAL,0.07706793574752228,0.07706793574752228
cat__ORIGIN_PSE,0.07681490286894432,0.07681490286894432
cat__DEST_STATE_ABR_PA,-0.07655165677340346,0.07655165677340346
cat__DEST_STATE_ABR_IL,-0.0763931403529422,0.0763931403529422
cat__ORIGIN_MSO,0.07627113791302663,0.07627113791302663
cat__ORIGIN_TYR,0.07607855284949283,0.07607855284949283
cat__ORIGIN_ELM,-0.07588891666886315,0.07588891666886315
cat__DEST_SEA,-0.07561665155422506,0.07561665155422506
cat__DEST_ILM,-0.07557394625966253,0.07557394625966253
cat__OP_UNIQUE_CARRIER_OO,-0.0754564106655162,0.0754564106655162
cat__ORIGIN_STATE_ABR_MO,0.07481766529887855,0.07481766529887855
cat__ORIGIN_PUW,-0.0747726603494738,0.0747726603494738
cat__ORIGIN_ERI,-0.07453554560359073,0.07453554560359073
cat__ORIGIN_BIH,-0.07406332768070849,0.07406332768070849
cat__ORIGIN_CLL,0.0740390109726962,0.0740390109726962
cat__ORIGIN_DAY,0.07323545372829006,0.07323545372829006
cat__ORIGIN_STATE_ABR_NY,0.07313524465077217,0.07313524465077217
cat__DEST_PNS,-0.07272545897772367,0.07272545897772367
cat__ORIGIN_TLH,-0.07225708910119903,0.07225708910119903
cat__ORIGIN_LWS,-0.07205248720551562,0.07205248720551562
cat__DEST_LWB,-0.07178330151148386,0.07178330151148386
cat__DEST_ATY,-0.07150474932015252,0.07150474932015252
cat__DEST_HOU,0.07049401769491478,0.07049401769491478
cat__OP_UNIQUE_CARRIER_US,-0.06903373427565723,0.06903373427565723
cat__ORIGIN_SNA,-0.06804201273774076,0.06804201273774076
cat__OP_UNIQUE_CARRIER_YV,0.067497677244678,0.067497677244678
cat__ORIGIN_ATY,-0.06738937138843336,0.06738937138843336
cat__DEST_TYR,0.06732904001998606,0.06732904001998606
cat__ORIGIN_FOD,-0.06676551578775224,0.06676551578775224
cat__DEST_FAY,-0.06663765941483331,0.06663765941483331
cat__DEST_RFD,0.06478280648090848,0.06478280648090848
cat__ORIGIN_BFL,0.06462992586661016,0.06462992586661016
cat__DEST_UST,-0.06413913897312587,0.06413913897312587
cat__ORIGIN_BZN,0.06394002731066999,0.06394002731066999
cat__ORIGIN_STATE_ABR_AR,0.06386685919336935,0.06386685919336935
cat__DEST_BRO,0.06349432911718052,0.06349432911718052
cat__ORIGIN_LAS,0.06280027142494017,0.06280027142494017
cat__DEST_RDM,0.06264994813465961,0.06264994813465961
cat__ORIGIN_GSO,0.06260223480933438,0.06260223480933438
cat__DEST_ALB,-0.062290458714410794,0.062290458714410794
cat__ORIGIN_BJI,0.06191363731641065,0.06191363731641065
cat__DEST_ORF,0.061678955052860744,0.061678955052860744
cat__DEST_STATE_ABR_FL,0.061590190435014805,0.061590190435014805
num__CRS_DEP_HOUR,0.06103542458167753,0.06103542458167753
cat__DEST_LGB,0.060801408817985736,0.060801408817985736
cat__ORIGIN_PNS,0.060730418923946,0.060730418923946
cat__DEST_PSP,0.06036862206720291,0.06036862206720291
cat__ORIGIN_OWB,-0.05982300368302603,0.05982300368302603
cat__DEST_MCI,-0.05964897328288304,0.05964897328288304
cat__ORIGIN_AMA,-0.059389458558581604,0.059389458558581604
cat__ORIGIN_FNT,-0.05934664436275686,0.05934664436275686
cat__DEST_STATE_ABR_NY,0.058558608977278305,0.058558608977278305
cat__DEST_BJI,-0.05850327855391855,0.05850327855391855
cat__DEST_BTM,0.05847561211184021,0.05847561211184021
cat__DEST_PSE,-0.05780700153412999,0.05780700153412999
cat__OP_UNIQUE_CARRIER_WN,-0.05752416383098798,0.05752416383098798
cat__DEST_ONT,0.057194520773851926,0.057194520773851926
cat__ORIGIN_ALB,-0.056980536661122405,0.056980536661122405
cat__ORIGIN_OAK,0.0569391045783901,0.0569391045783901
cat__ORIGIN_SCK,-0.056194540574325456,0.056194540574325456
cat__DEST_LFT,-0.05586452171307276,0.05586452171307276
cat__DEST_MDW,-0.054759894022873255,0.054759894022873255
cat__DEST_FLG,-0.05471249425709186,0.05471249425709186
cat__ORIGIN_STATE_ABR_NC,0.05452225579988676,0.05452225579988676
cat__DEST_MGW,-0.05414129671855551,0.05414129671855551
cat__ORIGIN_GSP,0.054123454503799635,0.054123454503799635
cat__ORIGIN_HOB,-0.0538221586385257,0.0538221586385257
cat__ORIGIN_EAR,-0.05242403615190029,0.05242403615190029
cat__DEST_BWI,-0.05230675839462215,0.05230675839462215
cat__DEST_STATE_ABR_RI,-0.05214927202890185,0.05214927202890185
cat__DEST_PVD,-0.052149272028901836,0.052149272028901836
cat__DEST_CSG,0.052072462282191714,0.052072462282191714
cat__ORIGIN_RDM,0.05186186633604982,0.05186186633604982
cat__ORIGIN_BGR,0.051736906285256644,0.051736906285256644
cat__ORIGIN_COU,-0.05141990974912716,0.05141990974912716
cat__ORIGIN_ADQ,-0.05137591263230786,0.05137591263230786
cat__DEST_MQT,-0.051149324045402546,0.051149324045402546
cat__DEST_BLV,-0.05096367258733789,0.05096367258733789
cat__ORIGIN_CMH,-0.050667900107751664,0.050667900107751664
cat__DEST_MSO,0.05053147761225466,0.05053147761225466
cat__ORIGIN_STATE_ABR_VA,0.05049241894973647,0.05049241894973647
cat__DEST_KTN,0.050404905315572644,0.050404905315572644
cat__ORIGIN_CEC,-0.0503874311385482,0.0503874311385482
cat__ORIGIN_RHI,-0.04961098494091264,0.04961098494091264
cat__ORIGIN_MOT,0.04946835306867283,0.04946835306867283
cat__DEST_JAX,0.049389413064941864,0.049389413064941864
cat__DEST_MBS,0.04926334343044288,0.04926334343044288
cat__DEST_BDL,0.04915506252873928,0.04915506252873928
cat__ORIGIN_LIH,-0.04884516541442229,0.04884516541442229
cat__ORIGIN_LGA,-0.04870847635075168,0.04870847635075168
cat__DEST_SGF,-0.04846351040433857,0.04846351040433857
cat__DEST_PIT,-0.04810214542665149,0.04810214542665149
cat__ORIGIN_BMI,0.046892892704728656,0.046892892704728656
cat__DEST_BNA,-0.04594368486733189,0.04594368486733189
cat__DEST_SCK,0.045886178585192304,0.045886178585192304
cat__ORIGIN_STX,0.04575772685541715,0.04575772685541715
cat__DEST_ORD,-0.04470423098230193,0.04470423098230193
cat__ORIGIN_PUB,0.04440024053548891,0.04440024053548891
cat__DEST_DAY,-0.04439754130558399,0.04439754130558399
cat__DEST_SHD,-0.044218616604692035,0.044218616604692035
cat__DEST_LEX,-0.04415847657629562,0.04415847657629562
cat__ORIGIN_OGG,0.044045694778172315,0.044045694778172315
cat__ORIGIN_ILM,-0.04353248907026165,0.04353248907026165
cat__DEST_GSO,-0.043294844469775794,0.043294844469775794
cat__OP_UNIQUE_CARRIER_EV,-0.04324073672081679,0.04324073672081679
cat__ORIGIN_MVY,0.04277219707597644,0.04277219707597644
cat__DEST_STATE_ABR_TN,-0.04276382721400035,0.04276382721400035
cat__DEST_OGG,0.04257757052340361,0.04257757052340361
cat__DEST_DVL,-0.041390209973132294,0.041390209973132294
cat__ORIGIN_ABE,0.041351791817418236,0.041351791817418236
cat__ORIGIN_STATE_ABR_MI,0.04107631728705458,0.04107631728705458
cat__ORIGIN_GUC,-0.04016755601929292,0.04016755601929292
cat__ORIGIN_ITH,-0.03957426367111642,0.03957426367111642
cat__ORIGIN_AUS,-0.03919999979667205,0.03919999979667205
cat__ORIGIN_STATE_ABR_CT,-0.039194602784226214,0.039194602784226214
cat__ORIGIN_DDC,-0.03828933930451396,0.03828933930451396
cat__ORIGIN_DHN,0.0381362786525104,0.0381362786525104
cat__ORIGIN_SBN,0.03811120067297004,0.03811120067297004
cat__ORIGIN_PBI,0.03665035636501028,0.03665035636501028
cat__ORIGIN_RSW,-0.03542461673928014,0.03542461673928014
cat__ORIGIN_HHH,-0.03539687859659232,0.03539687859659232
cat__DEST_STATE_ABR_VA,-0.03515997246843894,0.03515997246843894
cat__DEST_RIC,0.03336526801211321,0.03336526801211321
cat__DEST_CHS,0.03335435077425346,0.03335435077425346
cat__DEST_COU,0.03322465092520623,0.03322465092520623
cat__ORIGIN_WRG,-0.032555852003531546,0.032555852003531546
cat__DEST_DHN,-0.03244043660754586,0.03244043660754586
cat__DEST_LYH,0.03142282603728171,0.03142282603728171
cat__DEST_STATE_ABR_IA,0.03117220640613881,0.03117220640613881
cat__DEST_SCE,0.031133868721920394,0.031133868721920394
cat__DEST_BOS,0.030425674878957563,0.030425674878957563
cat__ORIGIN_CLD,-0.02944161851799263,0.02944161851799263
cat__DEST_STATE_ABR_VT,-0.02871881360614925,0.02871881360614925
cat__DEST_BTV,-0.028718813606149248,0.028718813606149248
cat__ORIGIN_PHL,-0.028161864671269222,0.028161864671269222
cat__ORIGIN_LAW,-0.028002477589408954,0.028002477589408954
cat__ORIGIN_STATE_ABR_ND,0.02752955778823237,0.02752955778823237
cat__ORIGIN_FWA,0.027442020685616877,0.027442020685616877
cat__DEST_MGM,0.026224230335813715,0.026224230335813715
cat__DEST_COS,0.02599637621751144,0.02599637621751144
num__CRS_ARR_HOUR,0.025789881654531045,0.025789881654531045
cat__DEST_STATE_ABR_IN,0.025752832326519186,0.025752832326519186
cat__ORIGIN_CLE,0.025629705240703987,0.025629705240703987
cat__ORIGIN_STATE_ABR_TX,-0.0250917557178309,0.0250917557178309
cat__ORIGIN_SLC,0.024610474011712527,0.024610474011712527
cat__ORIGIN_SMF,0.02436680715278554,0.02436680715278554
cat__ORIGIN_BHM,-0.023766973732327105,0.023766973732327105
cat__DEST_HSV,0.023638037731516386,0.023638037731516386
cat__ORIGIN_FAY,-0.023578090839014496,0.023578090839014496
cat__ORIGIN_OME,-0.023310400941710597,0.023310400941710597
cat__DEST_ROC,-0.02327870438369333,0.02327870438369333
cat__ORIGIN_MEI,-0.02300086240907773,0.02300086240907773
cat__DEST_CGI,0.02289209299152669,0.02289209299152669
cat__ORIGIN_STATE_ABR_LA,0.021966663813116676,0.021966663813116676
cat__DEST_ERI,-0.021838476884010635,0.021838476884010635
cat__DEST_BUR,0.021329129496636817,0.021329129496636817
cat__DEST_DSM,0.02115789315944934,0.02115789315944934
cat__ORIGIN_CRW,0.0211251213372814,0.0211251213372814
cat__DEST_STX,-0.020911313780682374,0.020911313780682374
cat__ORIGIN_SRQ,0.019535906538345266,0.019535906538345266
cat__DEST_CIU,-0.019067525340496706,0.019067525340496706
cat__ORIGIN_SMX,0.016574436763901353,0.016574436763901353
cat__ORIGIN_SYR,-0.016561484732740165,0.016561484732740165
cat__DEST_OAK,-0.014864458600131063,0.014864458600131063
cat__DEST_SMX,0.014737968157169724,0.014737968157169724
cat__DEST_IAG,-0.01459263330307575,0.01459263330307575
cat__DEST_CLE,-0.014209908463096622,0.014209908463096622
cat__DEST_LBF,0.014050046749751844,0.014050046749751844
cat__DEST_SBP,-0.014008055955328546,0.014008055955328546
cat__DEST_LGA,-0.013858064854353452,0.013858064854353452
num__DAY_OF_WEEK,0.01379140007732698,0.01379140007732698
cat__ORIGIN_LAN,-0.01374530764626648,0.01374530764626648
cat__DEST_GEG,-0.013568260614247242,0.013568260614247242
cat__ORIGIN_CGI,-0.012401390544132633,0.012401390544132633
num__MONTH,-0.011335002731805896,0.011335002731805896
cat__ORIGIN_CAE,-0.011062609736822287,0.011062609736822287
cat__ORIGIN_STATE_ABR_MD,-0.01036899526064438,0.01036899526064438
cat__ORIGIN_OTH,0.009693326950461089,0.009693326950461089
cat__ORIGIN_CMI,-0.009431261833857873,0.009431261833857873
num__CRS_ELAPSED_TIME,-0.009034947894255132,0.009034947894255132
cat__DEST_CAE,0.008907791126457823,0.008907791126457823
cat__ORIGIN_PVD,-0.007914234835859634,0.007914234835859634
cat__ORIGIN_STATE_ABR_RI,-0.007914234835859634,0.007914234835859634
num__DEST_Air_Carrier,0.007652082755267475,0.007652082755267475
num__DEST_General_Aviation,0.00744714461323789,0.00744714461323789
cat__DEST_IAH,-0.007397116344102898,0.007397116344102898
cat__ORIGIN_STATE_ABR_SD,0.007274430237985932,0.007274430237985932
num__DEST_Air_Taxi,0.00694438375092035,0.00694438375092035
cat__DEST_SJC,0.0066178702611281465,0.0066178702611281465
num__ORIGIN_Air_Carrier,0.0065883354758148474,0.0065883354758148474
cat__OP_UNIQUE_CARRIER_NK,-0.006532804218415051,0.006532804218415051
num__ORIGIN_General_Aviation,0.006495385658546204,0.006495385658546204
num__DEST_Military_Itinerant,0.006149166736184105,0.006149166736184105
cat__ORIGIN_HNL,-0.005910321530954028,0.005910321530954028
cat__ORIGIN_EGE,-0.005773298143635993,0.005773298143635993
num__ORIGIN_WSF2,0.005762697495763662,0.005762697495763662
num__ORIGIN_Air_Taxi,0.005665882039171872,0.005665882039171872
cat__DEST_FAI,-0.005331843766196158,0.005331843766196158
num__DEST_WSF2,0.005301094375627171,0.005301094375627171
num__DEST_Total_Operations,-0.00495961671998399,0.00495961671998399
num__ORIGIN_Military_Itinerant,0.004776151299836104,0.004776151299836104
cat__ORIGIN_MTJ,-0.004762753719553116,0.004762753719553116
cat__DEST_SJT,-0.004736375982054249,0.004736375982054249
cat__DEST_TVC,0.004444029332592006,0.004444029332592006
num__ORIGIN_Total_Operations,-0.0041838805642153,0.0041838805642153
cat__DEST_STATE_ABR_NC,-0.003916406716628092,0.003916406716628092
num__ORIGIN_AWND,-0.003634185588922487,0.003634185588922487
num__ORIGIN_SNWD,0.0034829919330442477,0.0034829919330442477
num__DEST_Local_Total,0.003384251678063976,0.003384251678063976
cat__DEST_PVU,-0.003336383651954957,0.003336383651954957
num__DEST_AWND,-0.003121427220297433,0.003121427220297433
cat__ORIGIN_DIK,0.002731992190150562,0.002731992190150562
cat__DEST_BGR,0.002686969598782892,0.002686969598782892
num__DEST_TMIN,0.0026556644172929006,0.0026556644172929006
num__ORIGIN_Local_Total,0.0026242438453581603,0.0026242438453581603
cat__DEST_STATE_ABR_ME,-0.0026186886021373765,0.0026186886021373765
num__DEST_TMAX,-0.0026146884517853934,0.0026146884517853934
num__ORIGIN_TMAX,-0.002589940350119258,0.002589940350119258
cat__DEST_MLU,0.0024113495607415115,0.0024113495607415115
cat__ORIGIN_DVL,0.0023837567442590905,0.0023837567442590905
num__DEST_Total_Itinerant,-0.0022543512309917595,0.0022543512309917595
num__DEST_SNWD,0.0021828479220740078,0.0021828479220740078
num__ORIGIN_TMIN,0.0021827824099228655,0.0021827824099228655
num__DEST_Local_Military,0.0019439533942536495,0.0019439533942536495
num__ORIGIN_PRCP,0.0019388898748433732,0.0019388898748433732
num__DEST_PRCP,0.0019131841762223098,0.0019131841762223098
cat__ORIGIN_XNA,-0.0018724346507450248,0.0018724346507450248
cat__ORIGIN_LAR,0.0018587548887345963,0.0018587548887345963
num__ORIGIN_Total_Itinerant,-0.0018557219996017571,0.0018557219996017571
num__ORIGIN_Local_Military,0.0015311152861958183,0.0015311152861958183
num__DEST_Local_Civil,0.001440298518088818,0.001440298518088818
num__DISTANCE,0.0011137049135368415,0.0011137049135368415
num__ORIGIN_Local_Civil,0.0010931291700250396,0.0010931291700250396
num__FL_DAY,-0.0006976864972677408,0.0006976864972677408
num__DEST_TAVG,0.0003200817039426353,0.0003200817039426353
num__ORIGIN_TAVG,0.0003194144963647987,0.0003194144963647987
