feature,importance
num__CRS_DEP_HOUR,0.043377527763727865
num__CRS_ARR_HOUR,0.040410726455447306
num__ORIGIN_Air_Carrier,0.02782336210542318
num__ORIGIN_Total_Operations,0.027575351438543436
num__DEST_Air_Carrier,0.027368555881996718
num__ORIGIN_Total_Itinerant,0.027360222100950148
num__DEST_Total_Operations,0.02702415729459874
num__DEST_Total_Itinerant,0.027004438319980385
num__DEST_Air_Taxi,0.02689127503394562
num__ORIGIN_Air_Taxi,0.026873209649260897
num__ORIGIN_TAVG,0.026695845581982406
num__CRS_ELAPSED_TIME,0.026657013092872685
num__ORIGIN_TMIN,0.02642291989650789
num__ORIGIN_TMAX,0.026420931149976287
num__DEST_TAVG,0.02570000935234401
num__DEST_General_Aviation,0.025693962561344635
num__ORIGIN_General_Aviation,0.025553491641236752
num__DEST_TMIN,0.025429207074666085
num__DEST_AWND,0.025247637981592585
num__DEST_TMAX,0.025216108740783554
num__ORIGIN_AWND,0.024965691557053794
num__ORIGIN_PRCP,0.024835612167229324
num__DISTANCE,0.02476822228023999
num__FL_DAY,0.024058206461174285
num__DEST_WSF2,0.023391590317730193
num__ORIGIN_WSF2,0.023222149955531794
num__DEST_PRCP,0.02298005480164668
num__MONTH,0.019106530604964363
num__DEST_Military_Itinerant,0.01657056750215162
num__ORIGIN_Military_Itinerant,0.01652238656202258
num__DAY_OF_WEEK,0.015481189343466886
num__DEST_Local_Total,0.006598386529602679
num__DEST_Local_Civil,0.006239816828714364
num__ORIGIN_Local_Total,0.006082095356013352
num__ORIGIN_Local_Civil,0.005736609233086349
cat__OP_UNIQUE_CARRIER_DL,0.004797311243982894
cat__OP_UNIQUE_CARRIER_WN,0.003901697755068072
num__ORIGIN_SNWD,0.003101081771862239
cat__OP_UNIQUE_CARRIER_AA,0.002868611505132476
cat__OP_UNIQUE_CARRIER_OO,0.002679621602304913
num__DEST_Local_Military,0.0026339736235477516
cat__OP_UNIQUE_CARRIER_UA,0.002520669161533457
cat__DEST_STATE_ABR_TX,0.002350065725920513
cat__DEST_STATE_ABR_CA,0.002340876268035685
cat__ORIGIN_STATE_ABR_TX,0.002246996165586165
num__ORIGIN_Local_Military,0.0022398346558901165
num__DEST_SNWD,0.002228297012020606
cat__ORIGIN_STATE_ABR_CA,0.0021731947308653234
cat__OP_UNIQUE_CARRIER_B6,0.002109930066021301
cat__DEST_STATE_ABR_FL,0.0018609834852082782
cat__ORIGIN_STATE_ABR_FL,0.0017684494407973394
cat__OP_UNIQUE_CARRIER_F9,0.0017249790809147985
cat__DEST_STATE_ABR_NY,0.001508352129990207
cat__ORIGIN_STATE_ABR_NY,0.001481683624000294
cat__DEST_STATE_ABR_IL,0.0014470659360576227
cat__ORIGIN_STATE_ABR_IL,0.0013950544709363047
cat__OP_UNIQUE_CARRIER_NK,0.0013637077180722343
cat__OP_UNIQUE_CARRIER_EV,0.0013100402575320098
cat__OP_UNIQUE_CARRIER_YX,0.0012445546626265742
cat__DEST_STATE_ABR_GA,0.0012435488795358306
cat__DEST_STATE_ABR_NC,0.001230464567820956
cat__DEST_SFO,0.0012246173887633595
cat__OP_UNIQUE_CARRIER_MQ,0.0011935817808949982
cat__OP_UNIQUE_CARRIER_AS,0.001185634052789053
cat__ORIGIN_STATE_ABR_GA,0.0011851189415227024
cat__DEST_STATE_ABR_VA,0.0011836141280771157
cat__DEST_ATL,0.0011639959133017215
cat__DEST_DFW,0.0011537643625906071
cat__ORIGIN_STATE_ABR_NC,0.0011441576248702034
cat__ORIGIN_STATE_ABR_VA,0.0010711056735674695
cat__ORIGIN_ATL,0.001070106766355421
cat__DEST_LAX,0.001028816700271283
cat__DEST_STATE_ABR_MI,0.001020916689856895
cat__DEST_STATE_ABR_CO,0.0010022963297963748
cat__DEST_ORD,0.0009916626545880818
cat__ORIGIN_DFW,0.0009805858773810354
cat__DEST_EWR,0.0009706230179137623
cat__DEST_STATE_ABR_AZ,0.0009690546664208821
cat__ORIGIN_STATE_ABR_MI,0.0009513033994824718
cat__ORIGIN_STATE_ABR_AZ,0.0009496308381502932
cat__DEST_STATE_ABR_NJ,0.0009362938863082495
cat__OP_UNIQUE_CARRIER_9E,0.0009182029402327217
cat__ORIGIN_SFO,0.0009148333967705311
cat__DEST_IAH,0.000907612758257838
cat__ORIGIN_STATE_ABR_MN,0.000892161425688023
cat__ORIGIN_ORD,0.0008915344443949982
cat__DEST_STATE_ABR_NV,0.0008907228597222858
cat__ORIGIN_LAX,0.0008886593780942799
cat__DEST_STATE_ABR_PA,0.0008832326678145467
cat__ORIGIN_STATE_ABR_CO,0.0008827598671568968
cat__ORIGIN_STATE_ABR_PA,0.0008781030610957263
cat__DEST_STATE_ABR_WA,0.0008761042448230344
cat__DEST_CLT,0.0008752406043833877
cat__DEST_DTW,0.0008716161130093349
cat__DEST_LGA,0.000866349581956844
cat__DEST_PHX,0.0008645547972484607
cat__ORIGIN_IAH,0.0008477460528929372
cat__DEST_DEN,0.000845006367789688
cat__DEST_STATE_ABR_MN,0.0008437726244918761
cat__OP_UNIQUE_CARRIER_OH,0.0008350531962601804
cat__DEST_MCO,0.0008291718831369876
cat__DEST_BOS,0.0008225886636844051
cat__ORIGIN_LGA,0.000819934486439881
cat__DEST_STATE_ABR_MA,0.0008182704091117251
cat__ORIGIN_PHX,0.0008132917599310277
cat__ORIGIN_STATE_ABR_NJ,0.0008121219730581103
cat__DEST_MSP,0.0008034241211375314
cat__ORIGIN_MSP,0.0008025006213175644
cat__ORIGIN_STATE_ABR_NV,0.0008015513020932296
cat__ORIGIN_EWR,0.0007992064559180428
cat__ORIGIN_DTW,0.0007943949831623278
cat__DEST_LAS,0.0007937331076111847
cat__ORIGIN_STATE_ABR_WA,0.0007886645310537437
cat__DEST_STATE_ABR_MO,0.0007776202849175673
cat__DEST_STATE_ABR_TN,0.0007660063078316022
cat__ORIGIN_CLT,0.000764537642509279
cat__ORIGIN_MCO,0.0007607968580609712
cat__DEST_SEA,0.0007587260446306333
cat__DEST_STATE_ABR_UT,0.0007572688978931052
cat__ORIGIN_STATE_ABR_TN,0.000753732713177702
cat__ORIGIN_DEN,0.0007522170755267866
cat__ORIGIN_BOS,0.0007505145881989566
cat__ORIGIN_STATE_ABR_MA,0.000746568307664325
cat__DEST_DCA,0.0007379587212282156
cat__ORIGIN_LAS,0.0007131917745594827
cat__DEST_SLC,0.0007119321003415762
cat__ORIGIN_STATE_ABR_MO,0.0006886559597806172
cat__ORIGIN_SEA,0.0006647642040944531
cat__ORIGIN_JFK,0.0006644451235778206
cat__DEST_STATE_ABR_OH,0.0006537441673658042
cat__DEST_JFK,0.000653053521290427
cat__ORIGIN_STATE_ABR_UT,0.0006522367675681887
cat__DEST_BWI,0.000632804762340283
cat__ORIGIN_SLC,0.0006301996694120605
cat__ORIGIN_DCA,0.0006261188743041772
cat__ORIGIN_BWI,0.0006245082317697171
cat__DEST_PHL,0.0006221106206820703
cat__DEST_STATE_ABR_MD,0.0006216034570352752
cat__ORIGIN_STATE_ABR_MD,0.0006210874677884115
cat__ORIGIN_PHL,0.0006058975268775981
cat__ORIGIN_STATE_ABR_HI,0.0005926458255842947
cat__DEST_SAN,0.0005895799821594603
cat__OP_UNIQUE_CARRIER_G4,0.0005709304619724993
cat__DEST_FLL,0.0005694449459687003
cat__DEST_MDW,0.0005615672223983255
cat__DEST_MIA,0.0005521133831539949
cat__ORIGIN_STATE_ABR_OH,0.0005515407522615769
cat__ORIGIN_BNA,0.0005492692903715128
cat__ORIGIN_FLL,0.000546018141870099
cat__DEST_BNA,0.000545843856930328
cat__OP_UNIQUE_CARRIER_YV,0.0005335882529120483
cat__ORIGIN_SAN,0.0005326762844091577
cat__DEST_STATE_ABR_LA,0.0005287282849278608
cat__DEST_STATE_ABR_HI,0.0005232940709776583
cat__ORIGIN_MDW,0.0005184829180721149
cat__DEST_STATE_ABR_OR,0.0005151338392943954
cat__ORIGIN_MIA,0.0005113418716865979
cat__DEST_AUS,0.0005101655901042906
cat__DEST_TPA,0.0005087652583046239
cat__DEST_DAL,0.0004912781239415469
cat__ORIGIN_DAL,0.00047037884677611394
cat__ORIGIN_TPA,0.0004699514716339024
cat__ORIGIN_AUS,0.00046669108459806465
cat__DEST_STATE_ABR_KY,0.0004630437885030613
cat__DEST_STL,0.00045138757863560935
cat__ORIGIN_STATE_ABR_LA,0.00045021857295824254
cat__ORIGIN_STATE_ABR_OR,0.0004483143325659272
cat__DEST_PDX,0.0004383607128797676
cat__DEST_STATE_ABR_WI,0.0004148061724234694
cat__ORIGIN_STATE_ABR_KY,0.00041473399094989297
cat__ORIGIN_STL,0.00041370134303733187
cat__DEST_STATE_ABR_IN,0.0004046358498020045
cat__DEST_RDU,0.000400955249791068
cat__DEST_MSY,0.0003991700361895322
cat__DEST_IAD,0.0003889998657208435
cat__DEST_HOU,0.0003819942990441578
cat__ORIGIN_HOU,0.0003808530697844315
cat__ORIGIN_PDX,0.00037443450289154
cat__OP_UNIQUE_CARRIER_HA,0.0003725738899269465
cat__ORIGIN_IAD,0.00036851170931743386
cat__ORIGIN_STATE_ABR_WI,0.000363704488304094
cat__DEST_SJC,0.00036277061520413275
cat__DEST_MCI,0.0003617078134917368
cat__ORIGIN_STATE_ABR_IN,0.0003592031612932582
cat__ORIGIN_RDU,0.00034786809201810715
cat__DEST_CLE,0.0003342173222645733
cat__ORIGIN_MCI,0.0003291685270115494
cat__ORIGIN_MSY,0.0003277408141725779
cat__DEST_SMF,0.00032764259754232005
cat__ORIGIN_SJC,0.00032701983870433906
cat__DEST_IND,0.000325609942548749
cat__DEST_STATE_ABR_SC,0.00032246705298908193
cat__DEST_SAT,0.0003147319032577151
cat__ORIGIN_OAK,0.0003069302516117814
cat__DEST_CMH,0.00030425438493162635
cat__ORIGIN_STATE_ABR_SC,0.00029639541933054953
cat__DEST_PIT,0.0002928455672353317
cat__ORIGIN_SMF,0.0002927780516536323
cat__ORIGIN_CLE,0.00029259757298483484
cat__DEST_OAK,0.00028838846757420124
cat__ORIGIN_CMH,0.0002849900922622659
cat__OP_UNIQUE_CARRIER_VX,0.00028340736730639825
cat__DEST_CVG,0.00028002031810414873
cat__DEST_HNL,0.0002743446864400126
cat__DEST_STATE_ABR_OK,0.0002680343452742078
cat__ORIGIN_IND,0.00026370962161851035
cat__ORIGIN_SAT,0.0002624331910431235
cat__ORIGIN_PIT,0.0002623464075772866
cat__ORIGIN_STATE_ABR_AK,0.0002488723651860142
cat__DEST_PBI,0.000247202285559224
cat__DEST_SNA,0.00024264082004462695
cat__ORIGIN_CVG,0.0002419361815444288
cat__DEST_MKE,0.00024140856821917782
cat__DEST_STATE_ABR_PR,0.0002413832008595652
cat__OP_UNIQUE_CARRIER_US,0.0002412560437509421
cat__DEST_RSW,0.0002394042693819957
cat__ORIGIN_HNL,0.0002331610145756664
cat__ORIGIN_STATE_ABR_OK,0.00022661459517205588
cat__DEST_STATE_ABR_AL,0.00022343755237660273
cat__ORIGIN_STATE_ABR_PR,0.00022109920059853604
cat__ORIGIN_MKE,0.00022078033864997602
cat__DEST_STATE_ABR_AK,0.0002150770752822799
cat__DEST_SJU,0.00021421814724107267
cat__DEST_STATE_ABR_ID,0.00020797826806815033
cat__ORIGIN_RSW,0.00020473364847472663
cat__ORIGIN_SNA,0.00020433310001983953
cat__DEST_STATE_ABR_NM,0.00019993282631604507
cat__DEST_JAX,0.00019990444899317775
cat__ORIGIN_STATE_ABR_AL,0.00019833376713568652
cat__DEST_STATE_ABR_NE,0.00019577921470208314
cat__ORIGIN_STATE_ABR_AR,0.00019523036095956138
cat__DEST_STATE_ABR_AR,0.00019327303649512633
cat__ORIGIN_SJU,0.00018615469579443298
cat__DEST_BUR,0.00018603407482504112
cat__DEST_STATE_ABR_CT,0.00018534197502272778
cat__DEST_STATE_ABR_MT,0.00018162919217091782
cat__DEST_BDL,0.00018094451044650892
cat__DEST_ONT,0.0001799213205201492
cat__ORIGIN_JAX,0.0001744664884486577
cat__ORIGIN_STATE_ABR_NE,0.00017327658309772588
cat__ORIGIN_PBI,0.00017290275669522507
cat__ORIGIN_STATE_ABR_NM,0.00017171480085574877
cat__DEST_STATE_ABR_IA,0.00016848539631405377
cat__ORIGIN_STATE_ABR_ID,0.00016800295142272416
cat__ORIGIN_STATE_ABR_MT,0.00016630502342219225
cat__DEST_MEM,0.00016495321847583559
cat__DEST_CHS,0.00016101748970878446
cat__DEST_BUF,0.0001609167134535441
cat__ORIGIN_BUR,0.00016012910925693795
cat__DEST_OMA,0.0001592943132926219
cat__DEST_ABQ,0.0001588728181241331
cat__ORIGIN_STATE_ABR_CT,0.0001565055039270055
cat__ORIGIN_BDL,0.0001554850182578848
cat__ORIGIN_MEM,0.00014849400826636239
cat__ORIGIN_BUF,0.00014663958727959342
cat__DEST_ORF,0.00014585905385118333
cat__ORIGIN_SDF,0.00014544974631420062
cat__ORIGIN_ORF,0.0001435765296177018
cat__DEST_BOI,0.00014277664978681282
cat__ORIGIN_STATE_ABR_IA,0.00014129966127118096
cat__DEST_OKC,0.00014086276734645616
cat__DEST_RIC,0.00014012699741509273
cat__ORIGIN_RIC,0.00013920651191844598
cat__ORIGIN_ABQ,0.00013765142870515262
cat__DEST_SDF,0.00013764892636026352
cat__ORIGIN_OMA,0.00013626990411241957
cat__DEST_OGG,0.00013621413790211787
cat__ORIGIN_ONT,0.00013584834460883793
cat__DEST_RNO,0.0001330807505175867
cat__ORIGIN_CHS,0.00013127448683399005
cat__DEST_BHM,0.00012790516311218412
cat__ORIGIN_OKC,0.00012753384100648105
cat__ORIGIN_TUS,0.00012697477489671683
cat__DEST_GRR,0.00012497033768137564
cat__ORIGIN_BOI,0.00012277590885767696
cat__ORIGIN_OGG,0.0001223829515520485
cat__DEST_TUS,0.00012045092751338522
cat__DEST_ANC,0.00012008217247609918
cat__DEST_STATE_ABR_RI,0.00011941726978557212
cat__ORIGIN_KOA,0.00011752124367251877
cat__DEST_STATE_ABR_ND,0.00011585330997532532
cat__DEST_PVD,0.00011577232210537663
cat__DEST_TUL,0.00011213733355054158
cat__ORIGIN_XNA,0.00011196073151293057
cat__ORIGIN_RNO,0.00011191442336917136
cat__ORIGIN_BHM,0.0001112151239264578
cat__ORIGIN_GRR,0.00011045068405126153
cat__ORIGIN_ANC,0.00011027389689831355
cat__ORIGIN_STATE_ABR_ND,0.00011003052847631946
cat__OP_UNIQUE_CARRIER_QX,0.00011002797759920432
cat__DEST_ELP,0.0001097956197853478
cat__ORIGIN_SAV,0.00010861748804169157
cat__DEST_SAV,0.00010853060019085317
cat__DEST_XNA,0.00010783177642220701
cat__DEST_KOA,0.00010711269125930937
cat__ORIGIN_ELP,0.00010665390471205275
cat__ORIGIN_TUL,0.0001030472419161828
cat__ORIGIN_PSP,0.00010292695365250055
cat__DEST_STATE_ABR_KS,0.00010187032105199567
cat__DEST_STATE_ABR_MS,0.00010180624846356567
cat__DEST_PSP,0.00010136591169981848
cat__ORIGIN_LIH,0.0001006681157347368
cat__ORIGIN_STATE_ABR_KS,9.67749375421186e-05
cat__DEST_GEG,9.507746749190838e-05
cat__ORIGIN_STATE_ABR_RI,9.480757725613648e-05
cat__DEST_STATE_ABR_SD,9.456053704069404e-05
cat__DEST_LGB,9.15308812396329e-05
cat__ORIGIN_FAT,9.13650622988475e-05
cat__ORIGIN_GEG,9.073041883260481e-05
cat__DEST_ALB,9.057744211013835e-05
cat__ORIGIN_VPS,9.024955313436483e-05
cat__ORIGIN_STATE_ABR_ME,8.98684537529739e-05
cat__ORIGIN_STATE_ABR_MS,8.933988408157889e-05
cat__ORIGIN_TYS,8.920528335181286e-05
cat__DEST_TYS,8.908700753699586e-05
cat__DEST_HPN,8.823342074230156e-05
cat__DEST_STATE_ABR_WY,8.749443075710369e-05
cat__DEST_LIH,8.730230460354275e-05
cat__DEST_FAT,8.708902775587662e-05
cat__DEST_DSM,8.524282413225195e-05
cat__ORIGIN_PVD,8.421074214369334e-05
cat__ORIGIN_HPN,8.383079403243369e-05
cat__ORIGIN_GSP,8.340696363587983e-05
cat__DEST_SYR,7.777118360510628e-05
cat__ORIGIN_LIT,7.767415432118567e-05
cat__ORIGIN_DSM,7.756366109236536e-05
cat__DEST_LIT,7.644720196030583e-05
cat__DEST_GSP,7.644029557420729e-05
cat__DEST_MYR,7.602449901849488e-05
cat__DEST_ROC,7.515935948169192e-05
cat__DEST_MSN,7.502989709059884e-05
cat__DEST_ASE,7.495145956027247e-05
cat__DEST_GSO,7.35387931045694e-05
cat__ORIGIN_STATE_ABR_SD,7.227793735990553e-05
cat__ORIGIN_SBP,7.190032906787577e-05
cat__ORIGIN_MSN,7.18986818249804e-05
cat__ORIGIN_ALB,7.114559117194493e-05
cat__ORIGIN_ROC,7.112984627798755e-05
cat__ORIGIN_COS,7.110421196074216e-05
cat__DEST_DAY,7.035589282606445e-05
cat__ORIGIN_PWM,7.017533053048253e-05
cat__ORIGIN_SYR,7.00532348789067e-05
cat__DEST_STATE_ABR_ME,6.972056524647426e-05
cat__DEST_PNS,6.932821755569636e-05
cat__DEST_SRQ,6.869469694061061e-05
cat__ORIGIN_LGB,6.844364973106793e-05
cat__DEST_VPS,6.758736416334802e-05
cat__DEST_COS,6.663204464379401e-05
cat__ORIGIN_PNS,6.60201644456643e-05
cat__DEST_MAF,6.596638841796733e-05
cat__ORIGIN_MYR,6.55894871094606e-05
cat__DEST_PGD,6.529972442586054e-05
cat__ORIGIN_LEX,6.508690643368323e-05
cat__ORIGIN_STATE_ABR_WY,6.493177005762715e-05
cat__ORIGIN_BZN,6.274312588793207e-05
cat__DEST_BZN,6.108296559388433e-05
cat__ORIGIN_ECP,6.091431665535718e-05
cat__ORIGIN_ASE,6.07245868396075e-05
cat__DEST_ICT,5.9448845129383025e-05
cat__ORIGIN_MAF,5.921536475338718e-05
cat__ORIGIN_SBA,5.877337469618771e-05
cat__DEST_CID,5.8686486051328655e-05
cat__ORIGIN_ICT,5.821459480875218e-05
cat__DEST_SBA,5.753118273344588e-05
cat__DEST_ATW,5.5961022089975196e-05
cat__ORIGIN_DAY,5.585541917907976e-05
cat__ORIGIN_SRQ,5.563729309486318e-05
cat__ORIGIN_BTR,5.511222754253251e-05
cat__ORIGIN_AVL,5.4446548911459445e-05
cat__DEST_ECP,5.3018504157407594e-05
cat__DEST_PWM,5.27267466871099e-05
cat__DEST_SBP,5.2620626483103534e-05
cat__DEST_LEX,5.185798217937585e-05
cat__DEST_JAC,5.142232794959376e-05
cat__ORIGIN_GSO,5.140494324831731e-05
cat__DEST_STATE_ABR_VI,5.1006397206078e-05
cat__DEST_STATE_ABR_NH,5.0311277750813865e-05
cat__DEST_CHA,5.0038473824209805e-05
cat__ORIGIN_STATE_ABR_VT,4.990055400321916e-05
cat__ORIGIN_SHV,4.984526602857934e-05
cat__DEST_AZA,4.910243496453371e-05
cat__ORIGIN_CHA,4.783296286390835e-05
cat__ORIGIN_MFE,4.769394627425685e-05
cat__ORIGIN_STATE_ABR_VI,4.677428857585648e-05
cat__DEST_RAP,4.674213014597548e-05
cat__DEST_BTR,4.658378809294856e-05
cat__DEST_AVL,4.624435734775305e-05
cat__DEST_LBB,4.610170339000569e-05
cat__DEST_HSV,4.5359684750446344e-05
cat__ORIGIN_PGD,4.525724353920205e-05
cat__DEST_MHT,4.496337809173449e-05
cat__ORIGIN_HSV,4.4533089388786536e-05
cat__DEST_JAN,4.449542926482535e-05
cat__DEST_EGE,4.4410646484487664e-05
cat__ORIGIN_EYW,4.434456062897462e-05
cat__DEST_ITO,4.415680694692216e-05
cat__DEST_MFR,4.4126713387954596e-05
cat__DEST_CHO,4.3655078738795386e-05
cat__ORIGIN_HRL,4.3555898768739316e-05
cat__DEST_HRL,4.3294458919790023e-05
cat__ORIGIN_JAN,4.3045694757572286e-05
cat__ORIGIN_CAE,4.303640771079569e-05
cat__ORIGIN_CID,4.262184981718401e-05
cat__ORIGIN_TTN,4.261665419917837e-05
cat__DEST_RDM,4.247804769754861e-05
cat__DEST_MLI,4.2192441738541625e-05
cat__ORIGIN_BTV,4.214970313036458e-05
cat__ORIGIN_CRP,4.205004882271623e-05
cat__DEST_EYW,4.163140359769762e-05
cat__ORIGIN_LBB,4.1590625461613715e-05
cat__DEST_STATE_ABR_VT,4.157922566690693e-05
cat__ORIGIN_KTN,4.155444148562903e-05
cat__ORIGIN_EUG,4.1056254236592304e-05
cat__ORIGIN_ISP,4.10501144877581e-05
cat__DEST_STT,4.098451011782797e-05
cat__ORIGIN_JAC,4.0838735826306405e-05
cat__ORIGIN_RAP,4.075067843388969e-05
cat__ORIGIN_RDM,4.066087366854464e-05
cat__ORIGIN_STATE_ABR_NH,4.046973491582925e-05
cat__ORIGIN_SBN,4.013748273450979e-05
cat__DEST_GRB,3.964400537016045e-05
cat__DEST_SBN,3.9413204448452204e-05
cat__DEST_JNU,3.9410878421636554e-05
cat__DEST_ISP,3.93497697913212e-05
cat__DEST_SGF,3.9347151818800656e-05
cat__DEST_SHV,3.920799859319991e-05
cat__DEST_SFB,3.917830682304263e-05
cat__DEST_FSD,3.891531063072201e-05
cat__DEST_BTV,3.8792048488379494e-05
cat__DEST_ILM,3.8329618993126956e-05
cat__DEST_BQN,3.804037636488448e-05
cat__ORIGIN_SFB,3.8010018357690887e-05
cat__DEST_TLH,3.743714251999363e-05
cat__ORIGIN_ITO,3.733203883340412e-05
cat__ORIGIN_ATW,3.72506821630359e-05
cat__ORIGIN_SGF,3.7242618123424665e-05
cat__ORIGIN_MHT,3.723873195973841e-05
cat__ORIGIN_CHO,3.713174331955729e-05
cat__ORIGIN_MFR,3.6784441058570734e-05
cat__ORIGIN_STT,3.6705896935163615e-05
cat__DEST_PIE,3.665382731330841e-05
cat__ORIGIN_GNV,3.651536875177041e-05
cat__DEST_MFE,3.650289771223602e-05
cat__ORIGIN_AZA,3.64109878249487e-05
cat__DEST_CAK,3.600516525519698e-05
cat__DEST_GNV,3.580601259673671e-05
cat__DEST_EUG,3.5613892644551225e-05
cat__ORIGIN_STATE_ABR_WV,3.542267344242215e-05
cat__DEST_CAE,3.517329917231258e-05
cat__DEST_FWA,3.506322257806133e-05
cat__ORIGIN_MOB,3.4862276141262505e-05
cat__ORIGIN_RDD,3.462337353076509e-05
cat__ORIGIN_FAR,3.287280205204108e-05
cat__ORIGIN_PIA,3.285668445956814e-05
cat__ORIGIN_AGS,3.2520338826356614e-05
cat__ORIGIN_FSD,3.23648229760182e-05
cat__ORIGIN_MSO,3.231571838130068e-05
cat__DEST_FAR,3.216661844259351e-05
cat__ORIGIN_LFT,3.1387014907933764e-05
cat__ORIGIN_PIE,3.120395355348348e-05
cat__ORIGIN_TLH,3.1150394943087896e-05
cat__DEST_DRO,3.0979405114356215e-05
cat__DEST_GJT,3.0901517018743466e-05
cat__ORIGIN_SAF,3.024232159313623e-05
cat__DEST_AMA,3.0176930356855873e-05
cat__ORIGIN_HDN,2.9680664945643347e-05
cat__DEST_LFT,2.9597902927893493e-05
cat__ORIGIN_CAK,2.953704001596127e-05
cat__DEST_STATE_ABR_WV,2.9533678444270856e-05
cat__ORIGIN_JNU,2.9368082026093926e-05
cat__ORIGIN_BQN,2.9362703290225073e-05
cat__ORIGIN_TVC,2.9280560065113055e-05
cat__ORIGIN_ILM,2.9239430974305924e-05
cat__ORIGIN_GRB,2.9067355969169748e-05
cat__DEST_SAF,2.898315241217018e-05
cat__ORIGIN_FWA,2.885205975784686e-05
cat__ORIGIN_IDA,2.8506100975809936e-05
cat__DEST_FCA,2.850489747394957e-05
cat__ORIGIN_MRY,2.829777477099265e-05
cat__DEST_MRY,2.8065553554693108e-05
cat__DEST_CRP,2.786234374699236e-05
cat__ORIGIN_GJT,2.7796546669450514e-05
cat__ORIGIN_BIL,2.7047755226585327e-05
cat__DEST_IDA,2.688074006432838e-05
cat__DEST_GRK,2.6690459437311627e-05
cat__ORIGIN_DRO,2.6552341518078428e-05
cat__DEST_BIL,2.6282650421640036e-05
cat__ORIGIN_PSC,2.595208592845647e-05
cat__ORIGIN_AEX,2.57160397495437e-05
cat__ORIGIN_MDT,2.5639934717833217e-05
cat__DEST_ACV,2.5634361815390395e-05
cat__DEST_LRD,2.5534313827566872e-05
cat__ORIGIN_FCA,2.5511774957772958e-05
cat__DEST_MDT,2.5465381040723267e-05
cat__DEST_PIA,2.5233278841292284e-05
cat__DEST_MSO,2.5121975653606783e-05
cat__ORIGIN_AMA,2.4478738901318663e-05
cat__ORIGIN_MOT,2.4416129279097774e-05
cat__ORIGIN_CRW,2.4145896393432893e-05
cat__DEST_HDN,2.4103983831775416e-05
cat__ORIGIN_GRK,2.4033162147466046e-05
cat__ORIGIN_BMI,2.350345517358129e-05
cat__DEST_FAI,2.348554823008931e-05
cat__DEST_BLI,2.2861621481952246e-05
cat__DEST_AEX,2.2851214207443743e-05
cat__ORIGIN_ACY,2.279585970028934e-05
cat__DEST_AGS,2.2649857958758376e-05
cat__ORIGIN_GPT,2.263817066841921e-05
cat__DEST_KTN,2.2594952374823174e-05
cat__DEST_ABE,2.2445531600350812e-05
cat__DEST_PSC,2.2445087451801507e-05
cat__DEST_CLL,2.1938844472770248e-05
cat__DEST_TTN,2.1825288619580975e-05
cat__ORIGIN_BLI,2.169472077601526e-05
cat__ORIGIN_STS,2.149539710738662e-05
cat__DEST_GPT,2.1397733450475707e-05
cat__ORIGIN_EGE,2.136307791822783e-05
cat__DEST_CRW,2.1278515491056584e-05
cat__ORIGIN_BIS,2.119311769175532e-05
cat__DEST_WRG,2.1066227086448774e-05
cat__DEST_SIT,2.0993057955542035e-05
cat__DEST_MLB,2.0919773350849716e-05
cat__DEST_EVV,2.0862911331329087e-05
cat__ORIGIN_CLL,2.0673091204439068e-05
cat__ORIGIN_MLI,2.021371182067238e-05
cat__DEST_MOB,2.0187707377548306e-05
cat__ORIGIN_DLH,1.9718187885046805e-05
cat__ORIGIN_MGM,1.9651318931567054e-05
cat__ORIGIN_SCE,1.962397451366347e-05
cat__ORIGIN_FNT,1.9574048777193428e-05
cat__ORIGIN_MTJ,1.9399978080074108e-05
cat__ORIGIN_LRD,1.9398473132524207e-05
cat__DEST_SGU,1.928448100054433e-05
cat__DEST_BRO,1.9183426130241115e-05
cat__DEST_BIS,1.8990881141292532e-05
cat__ORIGIN_MLB,1.8544769129768677e-05
cat__DEST_MTJ,1.8393866193617973e-05
cat__DEST_FNT,1.823320883707623e-05
cat__ORIGIN_ABE,1.8225714681424066e-05
cat__DEST_BMI,1.818888874407537e-05
cat__ORIGIN_EVV,1.8042337885225784e-05
cat__ORIGIN_BFL,1.7996295155813146e-05
cat__ORIGIN_ACV,1.792859331740948e-05
cat__DEST_LSE,1.786869799499548e-05
cat__ORIGIN_JMS,1.7864821825526984e-05
cat__ORIGIN_BRO,1.767744574961066e-05
cat__DEST_ACY,1.7358652823915516e-05
cat__DEST_MLU,1.7343837001431173e-05
cat__DEST_TVC,1.720014096834717e-05
cat__ORIGIN_LAN,1.7085968671178554e-05
cat__ORIGIN_DAB,1.7050160955235686e-05
cat__DEST_FLG,1.6895360236688434e-05
cat__DEST_BFL,1.665227048263849e-05
cat__ORIGIN_BQK,1.622197577679515e-05
cat__DEST_DAB,1.619225840481597e-05
cat__DEST_GCC,1.617394050914612e-05
cat__DEST_MOT,1.6006743505431103e-05
cat__DEST_GTR,1.5517946511984652e-05
cat__ORIGIN_GRI,1.547570716724851e-05
cat__DEST_LBE,1.5465162239958547e-05
cat__ORIGIN_SGU,1.4977700085291072e-05
cat__DEST_LAN,1.4961515470252657e-05
cat__DEST_LAW,1.4531574623833256e-05
cat__ORIGIN_FAI,1.446469986166812e-05
cat__DEST_TRI,1.436436752467811e-05
cat__ORIGIN_HYS,1.4260906711288503e-05
cat__DEST_HLN,1.4235820090970139e-05
cat__ORIGIN_GCC,1.4203407783861587e-05
cat__DEST_DHN,1.4020040608228309e-05
cat__DEST_BGR,1.4011527817942433e-05
cat__DEST_RDD,1.3939233315060741e-05
cat__ORIGIN_PVU,1.3854888003713122e-05
cat__ORIGIN_BGR,1.3831812187983846e-05
cat__DEST_MGM,1.3737321457426127e-05
cat__ORIGIN_YUM,1.3663612367598276e-05
cat__ORIGIN_RST,1.3501798333341668e-05
cat__ORIGIN_AZO,1.3393175046154677e-05
cat__DEST_STS,1.334189366551018e-05
cat__DEST_ADQ,1.3301637227852055e-05
cat__ORIGIN_OAJ,1.325732644545262e-05
cat__ORIGIN_SPS,1.3248321405800343e-05
cat__ORIGIN_FLG,1.3129909005779152e-05
cat__DEST_FAY,1.3010170100447526e-05
cat__ORIGIN_SJT,1.2983901176293513e-05
cat__ORIGIN_ACT,1.2835037133243745e-05
cat__DEST_TYR,1.2739416573217542e-05
cat__DEST_YUM,1.2675326321182318e-05
cat__DEST_COU,1.2630167346917976e-05
cat__ORIGIN_TRI,1.2604737581676394e-05
cat__DEST_OAJ,1.2568368883586041e-05
cat__ORIGIN_CWA,1.2524680050757942e-05
cat__DEST_SUN,1.2445596281651702e-05
cat__ORIGIN_FAY,1.2411983606130136e-05
cat__ORIGIN_CMI,1.2217243769666999e-05
cat__DEST_JMS,1.2207367478418373e-05
cat__ORIGIN_IMT,1.2134820848590835e-05
cat__DEST_MBS,1.2132022372848239e-05
cat__DEST_COD,1.2125292909381345e-05
cat__DEST_GCK,1.2049949541812386e-05
cat__ORIGIN_FSM,1.1804814813450584e-05
cat__ORIGIN_SWF,1.1798245127605088e-05
cat__ORIGIN_MBS,1.1775830492598262e-05
cat__DEST_AZO,1.162990408285509e-05
cat__DEST_SJT,1.1426840014045148e-05
cat__ORIGIN_ISN,1.1288070414377953e-05
cat__ORIGIN_BTM,1.1285295837243718e-05
cat__DEST_CWA,1.124811019123946e-05
cat__DEST_PLN,1.1139017257452833e-05
cat__DEST_OTH,1.1088680442164095e-05
cat__DEST_OTZ,1.1046246489848962e-05
cat__ORIGIN_STX,1.0999079567317581e-05
cat__DEST_TXK,1.0874322505680237e-05
cat__DEST_RST,1.0869885427184348e-05
cat__ORIGIN_CSG,1.0867191499375633e-05
cat__DEST_EWN,1.0855976285806743e-05
cat__ORIGIN_MEI,1.0775106897072722e-05
cat__ORIGIN_ORH,1.0692200288000901e-05
cat__DEST_SWF,1.0621325675979009e-05
cat__DEST_LNK,1.0472115242764254e-05
cat__DEST_STX,1.043153659801605e-05
cat__ORIGIN_MLU,1.0407075273552206e-05
cat__DEST_AVP,1.0340552355145152e-05
cat__ORIGIN_TXK,1.0298047764781283e-05
cat__ORIGIN_DHN,1.0195193063039076e-05
cat__ORIGIN_ROA,1.0193148475553018e-05
cat__ORIGIN_MQT,1.0058231357325483e-05
cat__ORIGIN_GTR,9.819010943323191e-06
cat__ORIGIN_ABI,9.805610082704033e-06
cat__ORIGIN_LNK,9.797709250282665e-06
cat__DEST_DLH,9.652778615738853e-06
cat__DEST_ISN,9.601710101575944e-06
cat__DEST_PAH,9.45160956305377e-06
cat__DEST_GUM,9.330791666573541e-06
cat__ORIGIN_LBE,9.326133142167083e-06
cat__DEST_ELM,9.275949543469342e-06
cat__DEST_LCH,9.264187842577342e-06
cat__DEST_PHF,9.204958964834916e-06
cat__DEST_HHH,9.200888694770939e-06
cat__ORIGIN_ABY,9.141897542546387e-06
cat__DEST_PIB,9.053525295213807e-06
cat__ORIGIN_AVP,9.045269939517495e-06
cat__ORIGIN_VLD,9.01994083086669e-06
cat__ORIGIN_COU,9.015649123107827e-06
cat__DEST_PSE,8.918477010654607e-06
cat__ORIGIN_MHK,8.885312367195807e-06
cat__ORIGIN_LAW,8.882299136989333e-06
cat__ORIGIN_EAU,8.832738425061018e-06
cat__DEST_GTF,8.747476560148079e-06
cat__DEST_VLD,8.661259544401757e-06
cat__ORIGIN_LCH,8.649473380578917e-06
cat__DEST_BQK,8.562642299985637e-06
cat__DEST_GUC,8.55994729067737e-06
cat__DEST_LAR,8.542301060435776e-06
cat__DEST_GRI,8.51681691148069e-06
cat__DEST_SPI,8.372283700067965e-06
cat__ORIGIN_GTF,8.3439711614547e-06
cat__ORIGIN_HIB,8.18495983802084e-06
cat__DEST_DVL,8.09206075836878e-06
cat__DEST_MEI,8.05578683322816e-06
cat__ORIGIN_COD,7.922289302442021e-06
cat__ORIGIN_GFK,7.908540446012417e-06
cat__DEST_CMX,7.862677343140102e-06
cat__DEST_PVU,7.813804607536195e-06
cat__DEST_MHK,7.68291130409503e-06
cat__ORIGIN_SCC,7.664365626969224e-06
cat__DEST_SCC,7.661927233671512e-06
cat__DEST_BPT,7.54746228048811e-06
cat__ORIGIN_WRG,7.4171840461304675e-06
cat__DEST_CSG,7.401578440824169e-06
cat__DEST_ORH,7.384469279014223e-06
cat__ORIGIN_IAG,7.343759650898963e-06
cat__ORIGIN_BPT,7.311026675254009e-06
cat__DEST_BET,7.132325344800917e-06
cat__DEST_HYS,7.129114173082152e-06
cat__ORIGIN_JLN,7.1239472281762814e-06
cat__DEST_BTM,7.0901275583020015e-06
cat__ORIGIN_PIB,7.078655582572659e-06
cat__ORIGIN_LBL,7.05050632679475e-06
cat__ORIGIN_SPI,7.036048665532458e-06
cat__ORIGIN_OME,7.030970414732979e-06
cat__ORIGIN_BGM,7.003513770274192e-06
cat__DEST_ABI,6.97537402182391e-06
cat__ORIGIN_GUC,6.958114716089042e-06
cat__DEST_OME,6.933002900773328e-06
cat__DEST_STATE_ABR_TT,6.857442412403762e-06
cat__ORIGIN_SUN,6.740945082020132e-06
cat__DEST_ABY,6.615029407202289e-06
cat__ORIGIN_EWN,6.591900700335578e-06
cat__ORIGIN_PIH,6.552160748313049e-06
cat__ORIGIN_TYR,6.503415501398198e-06
cat__ORIGIN_BLV,6.470177458877723e-06
cat__ORIGIN_CDV,6.4089319950768105e-06
cat__DEST_JLN,6.397927283285698e-06
cat__DEST_ROA,6.332866184798531e-06
cat__ORIGIN_HHH,6.320201446987218e-06
cat__ORIGIN_SPN,6.288035137254642e-06
cat__ORIGIN_YAK,6.2644337444733975e-06
cat__DEST_LBL,6.256774383464335e-06
cat__DEST_XWA,6.22639284031099e-06
cat__DEST_MCW,6.1879939378716505e-06
cat__ORIGIN_PSE,6.187149633997506e-06
cat__ORIGIN_SIT,6.078657156826221e-06
cat__ORIGIN_DEC,6.06078381583295e-06
cat__ORIGIN_BJI,6.035426467910295e-06
cat__ORIGIN_ROW,6.0193468659446715e-06
cat__DEST_SCE,6.018993286105516e-06
cat__ORIGIN_HOB,5.930933283669429e-06
cat__ORIGIN_MVY,5.913175605577729e-06
cat__DEST_RHI,5.91154135641843e-06
cat__ORIGIN_TWF,5.8707770943866205e-06
cat__DEST_USA,5.846744333232281e-06
cat__DEST_CDC,5.790427037894863e-06
cat__DEST_SLN,5.685082875079577e-06
cat__DEST_PSG,5.667953206139205e-06
cat__ORIGIN_APN,5.65862215367879e-06
cat__ORIGIN_RHI,5.657559654066572e-06
cat__ORIGIN_CMX,5.644233891189527e-06
cat__ORIGIN_ELM,5.634490503921675e-06
cat__DEST_RKS,5.6188600843977855e-06
cat__ORIGIN_PRC,5.617800478360693e-06
cat__DEST_YAK,5.571886750789532e-06
cat__DEST_FSM,5.531715220961393e-06
cat__ORIGIN_CPR,5.513280900600775e-06
cat__DEST_BLV,5.4848461020350554e-06
cat__DEST_ITH,5.475332305412614e-06
cat__DEST_CMI,5.45885028602294e-06
cat__ORIGIN_LSE,5.426253748026657e-06
cat__ORIGIN_DLG,5.420327982369571e-06
cat__DEST_DEC,5.399880383527669e-06
cat__ORIGIN_STATE_ABR_TT,5.344530112246072e-06
cat__DEST_CDV,5.340732204358526e-06
cat__DEST_ABR,5.3383116282103145e-06
cat__DEST_ACT,5.3305529718459894e-06
cat__ORIGIN_SLN,5.266354872803059e-06
cat__ORIGIN_BRW,5.240301679937877e-06
cat__ORIGIN_RKS,5.2127223473584024e-06
cat__ORIGIN_PSG,5.175507752991435e-06
cat__DEST_RFD,5.1376090825187385e-06
cat__ORIGIN_HLN,5.1352859044144866e-06
cat__DEST_CIU,5.09314326140419e-06
cat__DEST_DBQ,5.0810906553254945e-06
cat__ORIGIN_CKB,5.040193649510691e-06
cat__DEST_CPR,5.000739858285832e-06
cat__ORIGIN_BRD,4.936533533687478e-06
cat__DEST_BRW,4.875340328971043e-06
cat__DEST_BJI,4.7951369365892344e-06
cat__DEST_SPS,4.788335971044164e-06
cat__DEST_ACK,4.7610359704365655e-06
cat__ORIGIN_ABR,4.696772701659418e-06
cat__ORIGIN_ACK,4.686696758002242e-06
cat__DEST_GFK,4.673349935799791e-06
cat__DEST_PBG,4.625796586591204e-06
cat__ORIGIN_XWA,4.6117653928611795e-06
cat__ORIGIN_USA,4.5781761848097725e-06
cat__ORIGIN_DBQ,4.5490321310066574e-06
cat__ORIGIN_INL,4.478602067646444e-06
cat__DEST_EAU,4.4703698314722505e-06
cat__ORIGIN_PLN,4.42668607181267e-06
cat__ORIGIN_LCK,4.324882978735536e-06
cat__DEST_LWS,4.237458477693763e-06
cat__DEST_MVY,4.197905497962415e-06
cat__DEST_SWO,4.11834358833666e-06
cat__DEST_PRC,4.03272221516193e-06
cat__ORIGIN_PAH,4.030995410016296e-06
cat__DEST_TWF,3.96711595674941e-06
cat__ORIGIN_BFF,3.9569624520334546e-06
cat__ORIGIN_LAR,3.916497149153785e-06
cat__ORIGIN_LWS,3.915646885413523e-06
cat__ORIGIN_CGI,3.889879159301815e-06
cat__ORIGIN_ADQ,3.8352063892375745e-06
cat__ORIGIN_DVL,3.802210370085335e-06
cat__ORIGIN_OTZ,3.7615629230413483e-06
cat__ORIGIN_CIU,3.7444064542349754e-06
cat__DEST_LBF,3.7313267891180813e-06
cat__DEST_PIH,3.6784522779314614e-06
cat__ORIGIN_BET,3.6312429331434783e-06
cat__ORIGIN_LYH,3.624631045031834e-06
cat__ORIGIN_OTH,3.573483295777495e-06
cat__ORIGIN_PHF,3.560342336747896e-06
cat__DEST_IAG,3.5157850660772766e-06
cat__DEST_IMT,3.3466812315616704e-06
cat__ORIGIN_FOD,3.338375858767977e-06
cat__ORIGIN_GUM,3.291909977572807e-06
cat__DEST_CNY,3.290829300794589e-06
cat__DEST_TOL,3.2763739142693185e-06
cat__DEST_HOB,3.267047012569885e-06
cat__ORIGIN_CDC,3.2315125097876897e-06
cat__ORIGIN_PAE,3.2314234459827318e-06
cat__ORIGIN_ERI,3.202440972162261e-06
cat__DEST_HIB,3.1585611454076004e-06
cat__DEST_DIK,3.1430342920204695e-06
cat__ORIGIN_DDC,3.086127913342351e-06
cat__ORIGIN_ITH,3.0652039453435122e-06
cat__ORIGIN_EAT,2.8658763379980098e-06
cat__DEST_STC,2.83102654271482e-06
cat__DEST_SMX,2.8040661109100404e-06
cat__DEST_BGM,2.8008443974992996e-06
cat__DEST_DDC,2.761931291475948e-06
cat__ORIGIN_CNY,2.739690206175504e-06
cat__DEST_BFF,2.713745896805695e-06
cat__DEST_BIH,2.6827540328520983e-06
cat__ORIGIN_PUB,2.631232308915664e-06
cat__ORIGIN_SCK,2.6287475280630514e-06
cat__ORIGIN_ADK,2.5955411809613416e-06
cat__DEST_CKB,2.5952032507766884e-06
cat__ORIGIN_DIK,2.5857296689757334e-06
cat__DEST_MQT,2.5797966057641653e-06
cat__DEST_ALO,2.441222832716637e-06
cat__ORIGIN_PBG,2.440547956738921e-06
cat__DEST_INL,2.4269721059328685e-06
cat__DEST_BRD,2.354021346782031e-06
cat__DEST_EAR,2.3341342723297614e-06
cat__DEST_CGI,2.3280156681652443e-06
cat__DEST_ROW,2.325741694496145e-06
cat__DEST_GGG,2.305074095079295e-06
cat__DEST_SUX,2.2495615559276807e-06
cat__ORIGIN_SMX,2.2474981383029514e-06
cat__DEST_RIW,2.2385780028183178e-06
cat__DEST_ERI,2.172685683581938e-06
cat__DEST_EKO,2.145724004229885e-06
cat__ORIGIN_SUX,2.1285360597776814e-06
cat__DEST_APN,2.1215477681892636e-06
cat__DEST_LCK,2.0809648701660264e-06
cat__DEST_PSM,2.0484251483165065e-06
cat__DEST_ESC,2.0477966412084918e-06
cat__DEST_LYH,2.043052235050721e-06
cat__DEST_SCK,2.0120322025609832e-06
cat__ORIGIN_GGG,2.0081948914594365e-06
cat__ORIGIN_ESC,2.0068142873514135e-06
cat__DEST_HTS,1.9991519691368598e-06
cat__ORIGIN_GCK,1.99581330678544e-06
cat__DEST_MKG,1.9143939863770667e-06
cat__ORIGIN_MKG,1.884834797052711e-06
cat__DEST_UIN,1.841258673999357e-06
cat__ORIGIN_PSM,1.809673999374248e-06
cat__ORIGIN_TOL,1.8088850915321334e-06
cat__ORIGIN_EKO,1.6919974113389111e-06
cat__ORIGIN_RFD,1.6821923619255619e-06
cat__ORIGIN_PGV,1.6442612067622693e-06
cat__ORIGIN_HYA,1.4932233690746434e-06
cat__DEST_PAE,1.4357222187837824e-06
cat__DEST_EAT,1.409858535400652e-06
cat__ORIGIN_EAR,1.394377300313538e-06
cat__ORIGIN_SWO,1.3917396706117618e-06
cat__ORIGIN_UIN,1.3394223570114518e-06
cat__DEST_SPN,1.3245475124854852e-06
cat__DEST_TBN,1.2322955006236354e-06
cat__ORIGIN_LBF,1.2310769317114308e-06
cat__DEST_YKM,1.169239752305057e-06
cat__ORIGIN_LWB,1.166762422617995e-06
cat__DEST_HVN,1.079550162845119e-06
cat__DEST_FOD,1.0300953425627396e-06
cat__DEST_SHD,1.0198198767855914e-06
cat__DEST_OGD,9.278486065414322e-07
cat__ORIGIN_MCW,8.956494944939386e-07
cat__DEST_PUW,8.732126193166563e-07
cat__ORIGIN_PUW,8.149791941059282e-07
cat__ORIGIN_MMH,7.973549414448872e-07
cat__DEST_WYS,7.652685675432684e-07
cat__ORIGIN_VCT,7.590903811070763e-07
cat__DEST_JST,7.167602286729121e-07
cat__DEST_SHR,7.006731672974421e-07
cat__ORIGIN_PPG,6.784109115796366e-07
cat__DEST_PUB,6.686531911482096e-07
cat__DEST_AKN,6.343574052492518e-07
cat__DEST_VCT,5.746478916711702e-07
cat__ORIGIN_ALO,5.647117065212385e-07
cat__DEST_VEL,5.477913708119422e-07
cat__ORIGIN_CYS,5.401338110186151e-07
cat__ORIGIN_ALW,5.099214029484476e-07
cat__DEST_PGV,4.7045222371925633e-07
cat__ORIGIN_AKN,4.1418622214960263e-07
cat__DEST_DRT,3.878656237807298e-07
cat__DEST_PPG,3.77683039482458e-07
cat__ORIGIN_SHR,3.7542072919565546e-07
cat__ORIGIN_CLD,3.4299828118577063e-07
cat__ORIGIN_JST,3.1413793695070296e-07
cat__ORIGIN_VEL,2.9281922293165576e-07
cat__DEST_ALW,2.803010704135283e-07
cat__DEST_ADK,2.780645133244802e-07
cat__DEST_IFP,2.731914864772994e-07
cat__DEST_ALS,2.649167818224565e-07
cat__ORIGIN_HVN,2.5073009365088716e-07
cat__ORIGIN_RIW,2.4437747076331814e-07
cat__DEST_UST,2.3437747037935664e-07
cat__ORIGIN_WYS,2.069258146000862e-07
cat__DEST_HYA,1.9084805926396434e-07
cat__DEST_CYS,1.8341094532132651e-07
cat__DEST_CLD,1.7606296925621254e-07
cat__ORIGIN_DRT,1.4655813591901536e-07
cat__ORIGIN_HTS,1.305290312602869e-07
cat__ORIGIN_STC,1.2362242764101636e-07
cat__ORIGIN_STATE_ABR_DE,9.776218523240123e-08
cat__DEST_GST,9.598063819637349e-08
cat__DEST_MMH,9.581167948591628e-08
cat__DEST_DLG,9.288283947853278e-08
cat__DEST_LWB,8.58723415559524e-08
cat__DEST_OGS,7.19840324388978e-08
cat__ORIGIN_SHD,6.435473391394341e-08
cat__ORIGIN_OGS,6.004172636895593e-08
cat__ORIGIN_ATY,4.771779634739206e-08
cat__DEST_PIR,4.755093773308766e-08
cat__DEST_CEC,2.780536095160306e-08
cat__ORIGIN_IFP,5.840226890159751e-09
cat__ORIGIN_ILG,4.945785772028379e-09
cat__DEST_BKG,4.691937119536744e-09
cat__ORIGIN_UST,3.9569261548710694e-10
cat__DEST_OWB,0.0
cat__DEST_STATE_ABR_DE,0.0
cat__DEST_HGR,0.0
cat__DEST_FLO,0.0
cat__ORIGIN_BKG,0.0
cat__DEST_ILG,0.0
cat__DEST_MGW,0.0
cat__ORIGIN_HGR,0.0
cat__ORIGIN_YKM,0.0
cat__DEST_BFM,0.0
cat__ORIGIN_TBN,0.0
cat__ORIGIN_FLO,0.0
cat__DEST_PQI,0.0
cat__ORIGIN_BIH,0.0
cat__ORIGIN_OWB,0.0
cat__ORIGIN_ART,0.0
cat__ORIGIN_CEC,0.0
cat__DEST_ATY,0.0
cat__ORIGIN_GST,0.0
